Timestamp,Ax,Ay,Az,P,Value,Type
0.0,-0.5796709,4.1062055,6.8483085999999975,999.3918,1,1
0.04,-0.49840638,3.9870412,7.9940357,999.41394,1,1
0.08,0.11820007,4.02994,8.585837,999.4092,1,1
0.12,0.08952518,4.2206019999999995,8.571634,999.3943,1,1
0.16,-0.04430149,4.435096700000001,7.6294885,999.3966,1,1
0.2,0.13733889999999999,4.6305255999999995,7.7999277000000005,999.4169300000001,1,1
0.24,0.28565046,4.8974495000000005,8.24024,999.4017,1,1
0.28,0.1757213,5.502802,8.00352,999.4039300000001,1,1
0.32,-0.49821198,5.0547447,9.518531,999.4085,1,1
0.36,-0.9666136999999999,5.6362643,8.562183000000001,999.4039300000001,1,1
0.4,-0.9666136999999999,5.6362643,8.562183000000001,999.4060699999999,1,1
0.44,-0.65112776,4.821183,11.118764,999.4138,1,1
0.48,-0.41691098,4.468457,11.535393,999.39404,1,1
0.52,0.9501255999999999,4.678186,9.286551,999.3862,1,1
0.56,0.83542293,4.501823,8.34914,999.40356,1,1
0.6,0.55820704,4.0347,7.449604499999999,999.4014,1,1
0.64,0.57733893,4.482756,7.36912,999.3783599999999,1,1
0.68,-0.153952,3.748705600000001,9.499603,999.4057,1,1
0.72,-0.7992128000000001,3.4865448,9.688982000000001,999.3759,1,1
0.76,-0.72750944,3.8583362,8.216581,999.39655,1,1
0.8,-0.49328009999999994,4.883145,7.3927975,999.3813,1,1
0.84,-0.5076130999999999,4.7687473,7.369126,999.40356,1,1
0.88,-0.4120044,4.36359,8.931481,999.39575,1,1
0.92,-0.42155766,4.330223999999999,9.049843,999.40814,1,1
0.96,0.59177977,5.1357718,8.173979,999.4163,1,1
1.0,-0.28290534,4.9451089999999995,9.187142,999.4060699999999,1,1
1.04,-0.63659817,5.3979316,9.688991,999.40356,1,1
1.08,-0.71306866,5.7172904,9.376521,999.4057,1,1
1.12,-0.70828253,5.917486,9.651117,999.41296,1,1
1.16,-0.70349,5.1548367,10.152966000000001,999.4032,1,1
1.2,-0.9233483,3.9059982000000004,10.119825,999.4060699999999,1,1
1.24,-0.18746805,3.8535711999999998,8.841517,999.39307,1,1
1.28,-0.18746805,3.8535711999999998,8.841517,999.3855,1,1
1.32,-0.3738747,3.6486094,8.031934,999.40814,1,1
1.36,0.08021241,3.9060032,9.163458,999.3852,1,1
1.4,0.12801233,3.7677734,9.471193,999.4055,1,1
1.44,0.018080663,3.6724417000000003,9.490131,999.38324,1,1
1.48,-0.13964903,3.8774035000000002,8.2118435,999.3629,1,1
1.52,-0.22568363,3.9536684,7.657918,999.3728,1,1
1.56,-0.5268056,3.991801,7.923045,999.3847,1,1
1.6,-0.0966194,4.6209865,8.926739999999997,999.4105,1,1
1.64,-0.29736927,4.578087,9.376508,999.4028,1,1
1.68,-0.76578623,4.573320400000001,8.718426,999.40027,1,1
1.72,-0.31648085,4.8974459999999995,8.600066,999.4053,1,1
1.76,-0.50288945,4.778282,8.633207,999.4223,1,1
1.8,-1.1433773,4.730617,8.017735499999999,999.4645,1,1
1.84,-0.43596268,4.9689445,9.329165,999.4069999999999,1,1
1.88,-0.93305844,4.26826,9.660575,999.3871,1,1
1.92,-1.2341841,4.1586294000000015,8.694756,999.3699,1,1
1.96,-0.51242816,5.0261426,8.169236999999999,999.43744,1,1
2.0,-0.4311677,5.1834393,8.524319,999.3943,1,1
2.04,-0.4311677,5.1834393,8.524319,999.372,1,1
2.08,-0.78008944,4.616219,7.918315400000001,999.3896,1,1
2.12,-0.1348103,4.845013,9.1539955,999.4111300000001,1,1
2.16,-0.25430164,4.678184,8.756305000000001,999.3789999999999,1,1
2.2,-0.17244221,4.640036599999998,8.751626,999.41925,1,1
2.24,0.11438789,4.6352687,8.581192,999.3745,1,1
2.28,0.17177343,4.7162995,8.614335,999.3889999999999,1,1
2.32,0.14788839,4.606668,8.959949,999.3889999999999,1,1
2.36,-0.21055503,4.287308,8.353947999999999,999.3865,1,1
2.4,0.014123624,4.511336,8.846328,999.3865,0,0
2.44,0.00935773,4.3492723,9.490209,999.4034,0,0
2.48,0.16713312,4.98799,8.259267999999999,999.3805,0,0
2.52,0.25796336,4.9975224,8.093564,999.38324,0,0
2.56,0.023780884,4.601898,8.183521,999.4007,0,0
2.6,-0.047888294000000005,4.3016043,8.680635,999.3860000000001,0,0
2.64,-0.11957139,4.2730045,9.116202000000001,999.41614,0,0
2.68,0.12902021,4.592363,8.680639999999999,999.3929,0,0
2.72,0.052571263,4.6018953,8.7705965,999.3877,0,0
2.76,0.18643373,4.654326999999999,8.5764885,999.3929,0,0
2.8,0.17688803,4.6257269999999995,8.907899,999.3975,0,0
2.84,0.03830159,4.525628599999999,8.628571,999.38495,0,0
2.88,-0.023793966,4.39693,8.903171,999.4131,0,0
2.92,-0.009440566,4.549460400000001,8.467607000000001,999.40027,0,0
2.96,0.05273866,4.525625700000001,8.746941,999.4053,0,0
3.0,0.05754642,4.4493604000000015,9.049945,999.3996,0,0
3.04,0.09579877,4.430294,9.201447,999.3904,0,0
3.08,-0.023668434,4.5017915,8.491289,999.4200400000001,0,0
3.12,0.00983203,4.420758999999999,8.95053,999.4096,0,0
3.16,-0.028378487999999997,4.3206606,8.609655,999.4028,0,0
3.2,0.013429657,4.358823,8.623747999999999,999.41,0,0
3.24,0.032527365,4.3063912,9.225016,999.3918,0,0
3.28,-0.058321285999999986,4.187228,9.206075,999.38965,0,0
3.32,0.08028228,4.201528,8.974089,999.4075,0,0
3.36,-0.048804782000000005,4.3635917,8.590598,999.38184,0,0
3.4,0.03244114,4.406491,8.590596000000001,999.372,0,0
3.44,0.022859935,4.2491956,8.931472,999.3918,0,0
3.48,0.13276312,4.36836,8.746827,999.3872,0,0
3.52,0.15665141,4.3921933,8.888858,999.39716,0,0
3.56,-0.005894318000000001,4.230131,8.789433,999.39734,0,0
3.6,0.056232400000000016,4.253964,8.600056,999.3947,0,0
3.64,0.10879941,4.306396,8.434351,999.39667,0,0
3.68,0.027510406,4.2396650000000005,8.562177,999.37726,0,0
3.72,0.08962633,4.2396655,8.396469999999999,999.3992,0,0
3.76,0.027478116,4.2396660000000015,8.685267999999999,999.3843400000001,0,0
3.8,0.022676721,4.149102,8.89358,999.3872,0,0
3.84,0.26163462,4.301633,9.106625,999.3996,0,0
3.88,0.1421287,4.158636,9.220249,999.3918,0,0
3.92,0.40020582,4.330233,8.869902,999.41223,0,0
3.96,0.41930345,4.273035,8.841493,999.3996,0,0
4.0,0.271108,4.1967707,8.609505,999.4019999999999,0,0
4.04,0.022525856,4.0251756,9.054536,999.3943,0,0
4.08,0.06074271,4.0490084,9.172894,999.38385,0,0
4.12,0.070291534,4.13004,9.045065,999.3968,0,0
4.16,0.08462019,4.168173,9.059267,999.3918,0,0
4.2,0.23908322,4.2062683,8.964716000000003,999.41156,0,0
4.24,0.19610552,4.10617,8.893703,999.3887300000001,0,0
4.28,0.15312786,4.110935,8.737473,999.3893400000001,0,0
4.32,0.15796857,4.1586,8.732743,999.3968,0,0
4.36,0.21056662,4.1681314,8.870044,999.38354,0,0
4.4,0.12937082,4.2062626,8.728017,999.38684,0,0
4.44,0.04337498,4.0584983999999995,9.173053999999999,999.4011,0,0
4.48,0.07209436,4.1347629999999995,8.794306,999.39624,0,0
4.52,0.13427237,4.149061,8.907935,999.3706699999999,0,0
4.56,0.05303599,4.0870953000000005,8.827452000000003,999.4058,0,0
4.6,0.11045446,4.1252265,8.922146000000003,999.3856,0,0
4.64,0.11045446,4.1252265,8.922146000000003,999.3563,0,0
4.68,0.20133163,4.182424,9.083121,999.39624,0,0
4.72,0.22049148,4.201489,8.865343,999.39624,0,0
4.76,0.27308953,4.2300873,8.756453,999.4061,0,0
4.8,0.21579278,4.1585884,8.870084,999.4132699999999,0,0
4.84,0.1967141,4.1633534,8.960041,999.4084,0,0
4.88,0.20155479999999998,4.172885,8.903234,999.3806,0,0
4.92,0.22549437,4.2443824,8.832221,999.3778,0,0
4.96,0.14905815,4.1776495,8.808553999999997,999.3885,0,0
5.0,0.1395188,4.1728826,8.865368,999.4024699999999,0,0
5.04,0.091761336,4.1633487,8.841700999999997,999.3778,0,0
5.08,0.15873943,4.158581,9.097363,999.4055,0,0
5.12,0.13010119,4.211012,8.676005,999.3929400000001,0,0
5.16,0.24005698,4.2443767,8.557648,999.41,0,0
5.2,0.11104282,4.158577999999999,8.964808999999997,999.4198,0,0
5.24,0.15888149,4.1776433,8.964813000000003,999.40045,0,0
5.28,0.12546341,4.206241,8.808582000000003,999.3852,0,0
5.32,0.15894233,4.120443,9.102117,999.405,0,0
5.36,0.14942332,4.1013756,9.050042,999.3721300000001,0,0
5.4,0.16858308,4.0727754,8.898545,999.4046,0,0
5.44,0.19254299,4.268203,8.709174,999.38965,0,0
5.48,0.049189437,4.2062364,8.874881,999.4046,0,0
5.52,0.073108725,4.1919365,8.780194999999999,999.38965,0,0
5.56,0.101828106,4.068005,9.234701,999.4174,0,0
5.6,-0.13710116,4.0775366,8.510344,999.3944,0,0
5.64,-0.17053954,4.0012717,8.799144,999.4046,0,0
5.68,-0.15613928,3.9774367999999996,8.889103,999.4068599999999,0,0
5.72,-0.15613928,3.9774367999999996,8.889103,999.3865,0,0
5.76,-0.21343604,4.0298676,8.799155,999.41364,0,0
5.8,-0.23396187,4.0632677,8.65226,999.4131,0,0
5.84,-0.34389538,4.2062645,8.765886,999.3833,0,0
5.88,-0.2721944000000001,4.0823336,9.016809,999.40436,0,0
5.92,-0.2004934,3.8344731,9.726971,999.3858,0,0
5.96,-0.009295351,4.039435,8.799027,999.35596,0,0
6.0,0.02894496,4.1014,8.486557000000001,999.36816,0,0
6.04,-0.5796709,4.1062055,6.8483085999999975,999.3918,1,1
6.08,-0.49840638,3.9870412,7.9940357,999.41394,1,1
6.12,0.11820007,4.02994,8.585837,999.4092,1,1
6.16,0.08952518,4.2206019999999995,8.571634,999.3943,1,1
6.2,-0.04430149,4.435096700000001,7.6294885,999.3966,1,1
6.24,0.13733889999999999,4.6305255999999995,7.7999277000000005,999.4169300000001,1,1
6.28,0.28565046,4.8974495000000005,8.24024,999.4017,1,1
6.32,0.1757213,5.502802,8.00352,999.4039300000001,1,1
6.36,-0.49821198,5.0547447,9.518531,999.4085,1,1
6.4,-0.9666136999999999,5.6362643,8.562183000000001,999.4039300000001,1,1
6.44,-0.9666136999999999,5.6362643,8.562183000000001,999.4060699999999,1,1
6.48,-0.65112776,4.821183,11.118764,999.4138,1,1
6.52,-0.41691098,4.468457,11.535393,999.39404,1,1
6.56,0.9501255999999999,4.678186,9.286551,999.3862,1,1
6.6,0.83542293,4.501823,8.34914,999.40356,1,1
6.64,0.55820704,4.0347,7.449604499999999,999.4014,1,1
6.68,0.57733893,4.482756,7.36912,999.3783599999999,1,1
6.72,-0.153952,3.748705600000001,9.499603,999.4057,1,1
6.76,-0.7992128000000001,3.4865448,9.688982000000001,999.3759,1,1
6.8,-0.72750944,3.8583362,8.216581,999.39655,1,1
6.84,-0.49328009999999994,4.883145,7.3927975,999.3813,1,1
6.88,-0.5076130999999999,4.7687473,7.369126,999.40356,1,1
6.92,-0.4120044,4.36359,8.931481,999.39575,1,1
6.96,-0.42155766,4.330223999999999,9.049843,999.40814,1,1
7.0,0.59177977,5.1357718,8.173979,999.4163,1,1
7.04,-0.28290534,4.9451089999999995,9.187142,999.4060699999999,1,1
7.08,-0.63659817,5.3979316,9.688991,999.40356,1,1
7.12,-0.71306866,5.7172904,9.376521,999.4057,1,1
7.16,-0.70828253,5.917486,9.651117,999.41296,1,1
7.2,-0.70349,5.1548367,10.152966000000001,999.4032,1,1
7.24,-0.9233483,3.9059982000000004,10.119825,999.4060699999999,1,1
7.28,-0.18746805,3.8535711999999998,8.841517,999.39307,1,1
7.32,-0.18746805,3.8535711999999998,8.841517,999.3855,1,1
7.36,-0.3738747,3.6486094,8.031934,999.40814,1,1
7.4,0.08021241,3.9060032,9.163458,999.3852,1,1
7.44,0.12801233,3.7677734,9.471193,999.4055,1,1
7.48,0.018080663,3.6724417000000003,9.490131,999.38324,1,1
7.52,-0.13964903,3.8774035000000002,8.2118435,999.3629,1,1
7.56,-0.22568363,3.9536684,7.657918,999.3728,1,1
7.6,-0.5268056,3.991801,7.923045,999.3847,1,1
7.64,-0.0966194,4.6209865,8.926739999999997,999.4105,1,1
7.68,-0.29736927,4.578087,9.376508,999.4028,1,1
7.72,-0.76578623,4.573320400000001,8.718426,999.40027,1,1
7.76,-0.31648085,4.8974459999999995,8.600066,999.4053,1,1
7.8,-0.50288945,4.778282,8.633207,999.4223,1,1
7.84,-1.1433773,4.730617,8.017735499999999,999.4645,1,1
7.88,-0.43596268,4.9689445,9.329165,999.4069999999999,1,1
7.92,-0.93305844,4.26826,9.660575,999.3871,1,1
7.96,-1.2341841,4.1586294000000015,8.694756,999.3699,1,1
8.0,-0.51242816,5.0261426,8.169236999999999,999.43744,1,1
8.04,-0.4311677,5.1834393,8.524319,999.3943,1,1
8.08,-0.4311677,5.1834393,8.524319,999.372,1,1
8.12,-0.78008944,4.616219,7.918315400000001,999.3896,1,1
8.16,-0.1348103,4.845013,9.1539955,999.4111300000001,1,1
8.2,-0.25430164,4.678184,8.756305000000001,999.3789999999999,1,1
8.24,-0.17244221,4.640036599999998,8.751626,999.41925,1,1
8.28,0.11438789,4.6352687,8.581192,999.3745,1,1
8.32,0.17177343,4.7162995,8.614335,999.3889999999999,1,1
8.36,0.14788839,4.606668,8.959949,999.3889999999999,1,1
8.4,-0.21055503,4.287308,8.353947999999999,999.3865,1,1
8.44,0.014123624,4.511336,8.846328,999.3865,0,0
8.48,0.00935773,4.3492723,9.490209,999.4034,0,0
8.52,0.16713312,4.98799,8.259267999999999,999.3805,0,0
8.56,0.25796336,4.9975224,8.093564,999.38324,0,0
8.6,0.023780884,4.601898,8.183521,999.4007,0,0
8.64,-0.047888294000000005,4.3016043,8.680635,999.3860000000001,0,0
8.68,-0.11957139,4.2730045,9.116202000000001,999.41614,0,0
8.72,0.12902021,4.592363,8.680639999999999,999.3929,0,0
8.76,0.052571263,4.6018953,8.7705965,999.3877,0,0
8.8,0.18643373,4.654326999999999,8.5764885,999.3929,0,0
8.84,0.17688803,4.6257269999999995,8.907899,999.3975,0,0
8.88,0.03830159,4.525628599999999,8.628571,999.38495,0,0
8.92,-0.023793966,4.39693,8.903171,999.4131,0,0
8.96,-0.009440566,4.549460400000001,8.467607000000001,999.40027,0,0
9.0,0.05273866,4.525625700000001,8.746941,999.4053,0,0
9.04,0.05754642,4.4493604000000015,9.049945,999.3996,0,0
9.08,0.09579877,4.430294,9.201447,999.3904,0,0
9.12,-0.023668434,4.5017915,8.491289,999.4200400000001,0,0
9.16,0.00983203,4.420758999999999,8.95053,999.4096,0,0
9.2,-0.028378487999999997,4.3206606,8.609655,999.4028,0,0
9.24,0.013429657,4.358823,8.623747999999999,999.41,0,0
9.28,0.032527365,4.3063912,9.225016,999.3918,0,0
9.32,-0.058321285999999986,4.187228,9.206075,999.38965,0,0
9.36,0.08028228,4.201528,8.974089,999.4075,0,0
9.4,-0.048804782000000005,4.3635917,8.590598,999.38184,0,0
9.44,0.03244114,4.406491,8.590596000000001,999.372,0,0
9.48,0.022859935,4.2491956,8.931472,999.3918,0,0
9.52,0.13276312,4.36836,8.746827,999.3872,0,0
9.56,0.15665141,4.3921933,8.888858,999.39716,0,0
9.6,-0.005894318000000001,4.230131,8.789433,999.39734,0,0
9.64,0.056232400000000016,4.253964,8.600056,999.3947,0,0
9.68,0.10879941,4.306396,8.434351,999.39667,0,0
9.72,0.027510406,4.2396650000000005,8.562177,999.37726,0,0
9.76,0.08962633,4.2396655,8.396469999999999,999.3992,0,0
9.8,0.027478116,4.2396660000000015,8.685267999999999,999.3843400000001,0,0
9.84,0.022676721,4.149102,8.89358,999.3872,0,0
9.88,0.26163462,4.301633,9.106625,999.3996,0,0
9.92,0.1421287,4.158636,9.220249,999.3918,0,0
9.96,0.40020582,4.330233,8.869902,999.41223,0,0
10.0,0.41930345,4.273035,8.841493,999.3996,0,0
10.04,0.271108,4.1967707,8.609505,999.4019999999999,0,0
10.08,0.022525856,4.0251756,9.054536,999.3943,0,0
10.12,0.06074271,4.0490084,9.172894,999.38385,0,0
10.16,0.070291534,4.13004,9.045065,999.3968,0,0
10.2,0.08462019,4.168173,9.059267,999.3918,0,0
10.24,0.23908322,4.2062683,8.964716000000003,999.41156,0,0
10.28,0.19610552,4.10617,8.893703,999.3887300000001,0,0
10.32,0.15312786,4.110935,8.737473,999.3893400000001,0,0
10.36,0.15796857,4.1586,8.732743,999.3968,0,0
10.4,0.21056662,4.1681314,8.870044,999.38354,0,0
10.44,0.12937082,4.2062626,8.728017,999.38684,0,0
10.48,0.04337498,4.0584983999999995,9.173053999999999,999.4011,0,0
10.52,0.07209436,4.1347629999999995,8.794306,999.39624,0,0
10.56,0.13427237,4.149061,8.907935,999.3706699999999,0,0
10.6,0.05303599,4.0870953000000005,8.827452000000003,999.4058,0,0
10.64,0.11045446,4.1252265,8.922146000000003,999.3856,0,0
10.68,0.11045446,4.1252265,8.922146000000003,999.3563,0,0
10.72,0.20133163,4.182424,9.083121,999.39624,0,0
10.76,0.22049148,4.201489,8.865343,999.39624,0,0
10.8,0.27308953,4.2300873,8.756453,999.4061,0,0
10.84,0.21579278,4.1585884,8.870084,999.4132699999999,0,0
10.88,0.1967141,4.1633534,8.960041,999.4084,0,0
10.92,0.20155479999999998,4.172885,8.903234,999.3806,0,0
10.96,0.22549437,4.2443824,8.832221,999.3778,0,0
11.0,0.14905815,4.1776495,8.808553999999997,999.3885,0,0
11.04,0.1395188,4.1728826,8.865368,999.4024699999999,0,0
11.08,0.091761336,4.1633487,8.841700999999997,999.3778,0,0
11.12,0.15873943,4.158581,9.097363,999.4055,0,0
11.16,0.13010119,4.211012,8.676005,999.3929400000001,0,0
11.2,0.24005698,4.2443767,8.557648,999.41,0,0
11.24,0.11104282,4.158577999999999,8.964808999999997,999.4198,0,0
11.28,0.15888149,4.1776433,8.964813000000003,999.40045,0,0
11.32,0.12546341,4.206241,8.808582000000003,999.3852,0,0
11.36,0.15894233,4.120443,9.102117,999.405,0,0
11.4,0.14942332,4.1013756,9.050042,999.3721300000001,0,0
11.44,0.16858308,4.0727754,8.898545,999.4046,0,0
11.48,0.19254299,4.268203,8.709174,999.38965,0,0
11.52,0.049189437,4.2062364,8.874881,999.4046,0,0
11.56,0.073108725,4.1919365,8.780194999999999,999.38965,0,0
11.6,0.101828106,4.068005,9.234701,999.4174,0,0
11.64,-0.13710116,4.0775366,8.510344,999.3944,0,0
11.68,-0.17053954,4.0012717,8.799144,999.4046,0,0
11.72,-0.15613928,3.9774367999999996,8.889103,999.4068599999999,0,0
11.76,-0.15613928,3.9774367999999996,8.889103,999.3865,0,0
11.8,-0.21343604,4.0298676,8.799155,999.41364,0,0
11.84,-0.23396187,4.0632677,8.65226,999.4131,0,0
11.88,-0.34389538,4.2062645,8.765886,999.3833,0,0
11.92,-0.2721944000000001,4.0823336,9.016809,999.40436,0,0
11.96,-0.2004934,3.8344731,9.726971,999.3858,0,0
12.0,-0.009295351,4.039435,8.799027,999.35596,0,0
12.04,0.02894496,4.1014,8.486557000000001,999.36816,0,0
12.08,0.12454502,4.1776648000000005,8.6096525,999.38855,0,0
12.12,-0.13355854,4.1252327000000015,9.130436999999999,999.3929400000001,0,0
12.16,-0.13355854,4.1252327000000015,9.130436999999999,999.38324,0,0
12.2,-0.20524971,4.2300963,9.338752000000001,999.403,0,0
12.24,-0.28172076,3.9298034,9.329284,999.4,0,0
12.28,-0.25303996,3.8535383000000003,9.291408,999.3977699999999,0,0
12.32,-0.24347843,3.7915735,8.789562,999.38824,0,0
12.36,0.033756107,4.2729955,8.306652,999.4151,0,0
12.4,0.29186746,4.2253294000000015,8.56231,999.39526,0,0
12.44,0.22017434,4.110932,8.855845,999.4049,0,0
12.48,0.5595443,4.706752,8.728016,999.3919999999999,0,0
12.52,0.6933826999999999,4.7115183,8.8653145,999.4022,0,0
12.56,0.17238997,4.47319,8.704345,999.3648,0,0
12.6,0.41138408,4.744884,8.685407000000001,999.3769,0,0
12.64,0.28233325,4.411225,8.803768,999.4044,0,0
12.68,0.31579584,4.268228,8.898457,999.3743,0,0
12.72,0.34925643,4.225329,9.125707,999.4114400000001,0,0
12.76,0.46397758,4.644785400000001,8.647534,999.43195,0,0
12.8,-0.1239344,4.311126,8.628596,999.39124,0,0
12.84,0.062479942999999996,4.4255238,8.316127,999.37354,0,0
12.88,0.08622066,4.33973,8.600176,999.3991,0,0
12.92,0.23917058,4.4255276,8.780084,999.4085,0,0
12.96,0.07187487,4.4207616,9.064148,999.4289,0,0
13.0,0.26784559999999996,4.4016953,8.742207,999.41077,0,0
13.04,0.000173997,4.177667,8.903176,999.3857,0,0
13.08,0.11966532,4.554225,8.391861,999.3908,0,0
13.12,-0.1766838,4.320664,8.600175,999.40515,0,0
13.16,-0.41567653,4.4541273,8.822691,999.40356,0,0
13.2,-0.2627253,4.406462,9.1446295,999.4529,0,0
13.24,-0.26272914,4.454128,8.832158999999997,999.4175,0,0
13.28,-0.34398708,4.373096,8.633315,999.3971,0,0
13.32,-0.35354918,4.3397307000000005,8.207217,999.4072,0,0
13.36,-0.36311138,4.211034,8.06992,999.4206,0,0
13.4,-0.6116636999999999,4.5303926,8.633314,999.4045,0,0
13.44,-0.42525387,4.630491,8.993128,999.3946,0,0
13.48,-0.37745833,4.168133999999999,9.329271,999.4042400000001,0,0
13.52,-0.50173455,3.915507,9.149363000000001,999.4018,0,0
13.56,-0.21973115,4.701989,8.666453,999.3765,0,0
13.6,-0.23407182,4.8688188,8.240357000000001,999.4088,0,0
13.64,-0.5877799,4.134769,9.158832,999.4212,0,0
13.68,-0.7263967,3.9917724000000003,8.941048,999.3863,0,0
13.72,0.038368072,4.506560299999999,8.235621,999.4311,0,0
13.76,0.043145385,4.330198,9.068876,999.4434,0,0
13.8,0.26301506,4.5256267,9.087814,999.413,0,0
13.84,-0.19584858,4.3635635000000015,8.571764,999.3684699999999,0,0
13.88,-0.57293737,4.4302835,8.718577,999.4056,0,0
13.92,-0.64939636,4.3730839999999995,8.732782,999.3955699999999,0,0
13.96,-0.4677372,4.1776547,9.177819,999.40295,0,0
14.0,-0.4677372,4.1776547,9.177819,999.4048,0,0
14.04,-0.06142725,4.5446787,8.723317999999999,999.415,0,0
14.08,0.0007191210000000001,4.7162747000000005,8.519739,999.39496,0,0
14.12,-0.31950992,4.61141,7.9752845999999975,999.4222,0,0
14.16,0.043781787,3.9011921999999997,9.736486,999.40894,0,0
14.2,-0.13306205,4.640009,9.42875,999.4067,0,0
14.24,-0.86434543,4.6972059999999995,8.316168,999.3921,0,0
14.28,-1.2992986,3.9297904999999997,8.226215,999.4039300000001,0,0
14.32,-0.74481475,4.597108,8.813283,999.3964,0,0
14.36,-0.16166985,4.78777,8.922175,999.4119,0,0
14.4,-0.65875167,4.0298867,8.789614,999.4163,0,0
14.44,0.14905296,4.544674400000001,8.581302,999.4106,0,0
14.48,-0.13293765,4.377845,8.884305,999.38324,0,0
14.52,-0.22372732,4.578039599999999,8.46768,999.4127,0,0
14.56,-0.22372732,4.578039599999999,8.46768,999.3955699999999,0,0
14.6,-0.61086476,4.792534,7.738583999999999,999.4201,0,0
14.64,-0.6586361999999999,4.6209370000000005,9.3009405,999.43005,0,0
14.68,-0.5917100000000001,4.535139,8.993203999999997,999.4201,0,0
14.72,-0.31446365,4.8497314000000005,8.690205,999.4099,0,0
14.76,-0.73028,4.706734,7.606028599999999,999.39264,0,0
14.8,-0.6681335999999999,4.6257024000000015,7.639169,999.4268,0,0
14.84,-0.95968384,4.3158755,8.543443,999.4371,0,0
14.88,-1.2128353,4.091843,9.698653,999.4342,0,0
14.92,-0.7682895000000001,4.392136,9.1399975,999.4119999999999,0,0
14.96,-0.338071,4.6161633,8.964827,999.4365,0,0
15.0,-0.5674895000000001,4.5637302,8.742311,999.4440300000001,0,0
15.04,-0.48142898,4.530364,8.519796000000001,999.4292,0,0
15.08,-0.36190987,4.611395,8.661831,999.3989,0,0
15.12,-0.38578475,4.320634,8.64763,999.4064300000001,0,0
15.16,-0.19458058,4.444565,8.434582,999.3712,0,0
15.2,0.18783987,4.782989499999999,8.71865,999.4255400000001,0,0
15.24,0.03491016,4.821121,8.287821000000001,999.44855,0,0
15.28,0.23089418,5.078514599999999,8.131586,999.4175,0,0
15.32,-0.22791883,4.9116836,8.098450999999999,999.4331,0,0
15.36,-0.036714654,5.1071124,7.582401299999999,999.4128,0,0
15.4,-0.25176975,4.578024,8.993257,999.4075300000001,0,0
15.44,-0.24219808,4.649521400000001,8.784945,999.4141,0,0
15.48,0.05896563,4.9021487,8.377789,999.437,0,0
15.52,0.05896563,4.9021487,8.377789,999.427,0,0
15.56,-0.02703468,4.64952,8.685528999999999,999.4166,0,0
15.6,0.07335319,4.6542864,8.903312,999.4317,0,0
15.64,0.28370067,4.763916,8.595578999999999,999.4166,0,0
15.68,0.31240356,4.7877483,8.685535,999.4306,0,0
15.72,0.29808825,4.811580999999999,8.581380000000001,999.4391,0,0
15.76,0.09256876,4.7019496,8.330459,999.45105,0,0
15.8,0.059134155999999986,4.763914,8.642930999999999,999.4350599999999,0,0
15.84,-0.10812236,4.4969864,8.671341,999.41565,0,0
15.88,0.016164612,4.644749,9.007484,999.43256,0,0
15.92,0.08310595,4.7067137,8.81811,999.4027,0,0
15.96,-0.002906455,4.7686779999999995,8.155296,999.435,0,0
16.0,0.097493544,4.79251,8.713959,999.42224,0,0
16.04,-0.07932303,4.6066139999999995,8.273663,999.42224,0,0
16.08,-0.060191787999999996,4.649513,8.676086999999999,999.41724,0,0
16.12,-0.32783670000000004,4.47315,8.605074,999.4373,0,0
16.16,-0.27524677,4.496982,8.7187,999.4318,0,0
16.2,-0.34213996,4.5398803,9.064314,999.45435,0,0
16.24,-0.15569144,4.7400746,8.76605,999.4468,0,0
16.28,-0.16045924,4.682876,8.874941999999997,999.44385,0,0
16.32,-0.22734034,4.644743,8.458317999999998,999.4418,0,0
16.36,-0.22730419,4.5684767,8.420446,999.456,0,0
16.4,-0.18427396,4.8783026,7.9754133000000005,999.4884,0,0
16.44,-0.36110255,4.6781073,10.451509,999.38885,0,0
16.48,-0.5188,4.721005,7.511447,999.3862,0,0
16.52,0.05000876,4.673339,8.44886,999.42303,0,0
16.56,0.5184416000000001,4.940266,9.263179,999.4775,0,0
16.6,0.6331931,5.4645863,9.372074000000001,999.4031,0,0
16.64,-0.35143453,4.4350095000000005,9.13062,999.37085,0,0
16.68,-0.95844555,4.520807,7.6913633,999.3907,0,0
16.72,-0.42307135,4.6638025999999995,8.732936,999.42303,0,0
16.76,-0.33702278,4.7686663000000005,8.889172,999.4248699999999,0,0
16.8,0.021498582999999998,5.049893,8.4630785,999.4451,0,0
16.84,0.016742917,4.9402620000000015,8.576707,999.4119,0,0
16.88,0.15538132,4.9021287000000004,8.358927,999.4197,0,0
16.92,0.03111844,4.9116607000000005,8.349459,999.4166,0,0
16.96,0.17931643,4.863995,8.590916,999.4314,0,0
17.0,0.13632233,4.873528,8.553042,999.4243,1,2
17.04,0.16980505,4.778196,8.638264,999.4636,1,2
17.08,0.28453243,4.906892299999999,8.595655,999.4315,1,2
17.12,0.040798504,4.630431,8.377875999999999,999.4388,1,2
17.16,0.13641867,4.7209954000000005,8.633536,999.4533,1,2
17.2,0.11731154,4.720994999999999,8.586193,999.44135,1,2
17.24,0.026519347000000002,4.701928,8.458366,999.4562400000001,1,2
17.28,0.22731932,5.040353,8.657216,999.441,1,2
17.32,-0.040337674,4.811558,8.510451,999.42896,1,2
17.36,-0.021182284,4.9211874,8.373156,999.45294,1,2
17.4,-0.41788194,4.887821,7.999140700000001,999.4533,1,2
17.44,-0.61384183,5.1881137000000015,8.008610000000001,999.45294,1,2
17.48,-0.351224,4.663799299999999,8.846575,999.4429,1,2
17.52,-0.1122173,5.0308237,8.169556,999.4277,1,2
17.56,-0.09308153400000001,5.2500849999999994,7.9612440000000015,999.4630000000001,1,2
17.6,-0.09308153400000001,5.2500849999999994,7.9612440000000015,999.4549599999999,1,2
17.64,-0.915183,5.326349,8.420485000000001,999.4549599999999,1,2
17.68,-0.92473435,5.5885096,8.226375,999.4248699999999,1,2
17.72,-0.8960306999999998,5.464578599999999,8.837114,999.4301,1,2
17.76,-1.2927461999999998,5.135686,8.870256,999.4247,1,2
17.8,-1.4934813999999998,5.035588,7.786078999999999,999.4392,1,2
17.84,-1.0824016,5.2691483,7.767142999999999,999.44495,1,2
17.88,-0.49924085,5.483643,8.022803,999.4469,1,2
17.92,-0.30803216,5.860201,9.125919999999999,999.442,1,2
17.96,-0.9246103000000001,5.2882133,9.54255,999.4521,1,2
18.0,-0.75730896,5.269147,10.001788000000001,999.45435,1,2
18.04,-0.112002335,5.55514,8.250061,999.42523,1,2
18.08,-0.112002335,5.55514,8.250061,999.4596,1,2
18.12,-0.32229707,4.5160300000000015,9.0312395,999.4521,1,2
18.16,-0.59472936,3.9059102999999995,9.092789,999.4343,1,2
18.2,0.22264189,4.2062029999999995,7.94233,999.4490400000001,1,2
18.24,0.38995153,3.5293514999999998,8.453648,999.4417,1,2
18.28,0.38040018,3.4149537000000003,8.75665,999.43353,1,2
18.32,0.38519654,4.0584383,8.586213,999.4618,1,2
18.36,0.58118504,4.577993,8.008617,999.4345,1,2
18.4,0.39957735,5.0880136,6.8913,999.4367699999999,1,2
18.44,0.021989355,5.188111,7.658275,999.4565,1,2
18.48,-0.48504390000000003,5.1642876,8.179026,999.4364,1,2
18.52,-0.7909501999999999,5.8745046,7.866554700000001,999.4381,1,2
18.56,1.1209726,6.193864,9.992302,999.4713,1,2
18.6,1.1209726,6.193864,9.992302,999.4689,1,2
18.64,0.61909515,5.583744,9.031219,999.4112,1,2
18.68,-0.96301866,8.257783,6.716095,999.4409,1,2
18.72,-0.16001034,7.128108999999999,9.623019000000001,999.4490400000001,1,2
18.76,-0.7574852,6.6657524000000015,8.931796,999.4484,1,2
18.8,-1.6560872,4.439769999999998,7.672445,999.4385,1,2
18.84,0.10766183,5.0832559999999996,9.10697,999.4467,1,2
18.88,0.18891977,3.691421,7.596694500000001,999.4459,1,2
18.92,-1.1159647,2.9907369999999998,8.718749,999.41614,1,2
18.96,-1.1350833999999999,3.3005633000000003,8.179027,999.419,1,2
19.0,-0.88175255,3.8344178,7.9233685,999.4137,1,2
19.04,-0.38465032,4.6304326,8.240575,999.4141,1,2
19.08,-0.34163147,4.8020287,7.800275,999.4409,1,2
19.12,-0.63319826,4.821095,7.9044313,999.4335,1,2
19.16,-0.7144536,4.811561599999999,8.212169,999.4226,1,2
19.2,-0.37986672,4.8830595,8.543577,999.4286,1,2
19.24,-0.7001116999999999,5.712441,8.524639,999.4304,1,2
19.28,-1.0060179,6.0985317000000006,9.225331,999.4158,1,2
19.32,-1.3310431999999999,5.536078,8.889188,999.4381,1,2
19.36,-1.2545658000000002,5.536078,8.865516,999.4155,1,2
19.4,-1.1972068999999999,5.512245,9.083299,999.4183,1,2
19.44,-0.9773345999999999,5.054655599999999,8.448889999999999,999.4311,1,2
19.48,0.017286377,4.7162194,9.556778999999999,999.4356,1,2
19.52,0.9875954,5.0641785000000015,9.608857,999.4326,1,2
19.56,-0.27424616,3.3482175000000005,9.017059,999.441,1,2
19.6,-0.8286945,3.1003562999999996,8.832417999999997,999.4385,1,2
19.64,-0.13559626,4.206197,8.19801,999.4153,1,2
19.68,-0.18816529,4.506489299999998,8.292699,999.4508,1,2
19.72,-0.6087791,4.5636883,8.425263000000001,999.4084,1,2
19.76,-1.3305117,4.153764,7.677229400000001,999.4155,1,2
19.8,-1.3161546,4.3158264000000015,7.984967699999999,999.4664,1,2
19.84,-1.4308432,4.12993,9.343744000000001,999.4477,1,2
19.88,-0.5656898,4.4016232,9.926077000000001,999.4477,1,2
19.92,0.16563791,4.311058,10.248016999999999,999.4229,1,2
19.96,0.46201235,4.3920894,8.463149000000001,999.4059,1,2
20.0,0.1800217,4.148994399999999,8.917653,999.4356,1,2
20.04,0.02708576,4.177593,8.785092,999.4356,1,2
20.08,0.027112400000000002,5.102305,9.29641,999.448,1,2
20.12,0.10837792,5.302499299999999,9.201722,999.42365,1,2
20.16,-1.21561,4.9879065,9.130709,999.42865,1,2
20.2,-1.6075449,4.4492855,7.9707804000000015,999.42615,1,2
20.24,-2.243241,2.8667884,7.7198585999999985,999.4576400000001,1,2
20.28,-1.3589508999999995,1.9659081999999999,10.508426,999.448,1,2
20.32,-1.091273,2.4854627000000002,10.735678,999.4202,1,2
20.36,-0.21655104,3.5722373,11.526325,999.4527,1,2
20.4,-0.27389094,3.4149404000000003,11.190184,999.441,1,2
20.44,-0.09224063,3.4483056000000003,10.110741,999.4356,1,2
20.48,0.19945037,3.9630911,8.742509,999.4028,1,2
20.52,0.09908527,3.6580307,8.576806,999.4374,1,2
20.56,-0.8568431000000001,2.6713533,8.543669,999.4053,1,2
20.6,-0.43619886,3.333904,8.11284,999.4279,1,2
20.64,-0.044244165999999994,3.8486917000000003,8.089167999999999,999.4351,1,2
20.68,0.14218971,4.6542397000000015,8.72358,999.4455,1,2
20.72,-0.3883469,4.5160089999999995,8.217001,999.418,1,2
20.76,0.14702345,4.392077400000002,9.111807,999.44525,1,2
20.8,0.06577756,4.3301115,9.443216,999.4403,1,2
20.84,-0.11104291,4.172815,10.19599,999.4223,1,2
20.88,-0.27831444,3.6437263,10.044491,999.4374,1,2
20.92,-0.27831444,3.6437263,10.044491,999.4277,1,2
20.96,-0.3977664,4.015517,8.515281,999.4353,1,2
21.0,-0.8805050999999999,4.0107493,7.7151694000000015,999.4155,1,2
21.04,-0.8422450999999999,4.0202823,8.591035,999.4329,1,2
21.08,-0.5745653000000001,4.3444080000000005,8.969789500000003,999.4356,1,2
21.12,-0.45981765,3.8534515,9.410092,999.43005,1,2
21.16,-0.05830333,3.986915,9.533188,999.42505,1,2
21.2,0.653909,4.5303016,8.666792999999998,999.4424,1,2
21.24,0.37192214,4.2729077,8.690468,999.4533,1,2
21.28,0.123393886,4.401603700000001,8.912987,999.4301,1,2
21.32,-0.029549075,4.4588027000000015,8.553173,999.418,1,2
21.36,-0.039076343,4.7495613,8.894052499999997,999.4378,1,2
21.4,0.2907409,4.949756,9.050289,999.4505,1,2
21.44,0.70661616,5.1737843,9.646827,999.4078400000001,1,2
21.48,0.20399427,4.9211745,8.898724000000003,999.4403,1,2
21.52,-0.575127,3.9106653,8.624125999999999,999.44244,1,2
21.56,-1.4880784,3.3815773,8.695141,999.41,1,2
21.6,-0.9049513000000001,3.7343028,8.321122,999.4176,1,2
21.64,-0.79980445,3.4387767,9.424237,999.4403,1,2
21.68,-0.93842757,3.0526855,9.72724,999.4477,1,2
21.72,-0.87151486,2.8381906000000003,10.205414,999.4325,1,2
21.76,-0.020718569,3.4912093,10.257492,999.4151,1,2
21.8,0.26127649999999997,3.4721432,9.504719999999999,999.40295,1,2
21.84,0.2612721,3.3100805,9.433703,999.4301,1,2
21.88,0.744019,3.5341089999999995,8.5673065,999.395,1,2
21.92,0.49546033,3.4626105000000003,8.728274,999.4177,1,2
21.96,0.49546033,3.4626105000000003,8.728274,999.4078,1,2
22.0,0.35204846,4.115629,7.91869,999.443,1,2
22.04,0.69618547,4.430223000000002,8.794555,999.43005,1,2
22.08,0.68662137,4.7114496,8.827694000000003,999.4604,1,2
22.12,0.576677,5.088008,7.847672,999.4529,1,2
22.16,1.0833229,5.1690392,9.727229,999.43756,1,2
22.2,1.145456,4.9926767,9.637276,999.44995,1,2
22.24,1.4656938,5.5074654,8.851364,999.4385,1,2
22.28,1.0259386000000001,4.711451,9.372148,999.4353,1,2
22.32,0.84430164,4.368258999999999,9.457365,999.43005,1,2
22.36,0.8108386,4.3301263,9.419491,999.4248,1,2
22.4,0.7869262,4.2157288,8.742469,999.4351,1,2
22.44,0.67220217,4.2252626,8.2264185,999.4346300000001,1,2
22.48,0.29516223,3.8010252,8.084438,999.4374,1,2
22.52,0.38598546,3.681861,8.179127000000001,999.4572,1,2
22.56,0.47682267,3.9440212,8.089174,999.4041,1,2
22.6,0.48161638,4.41591,8.69518,999.42444,1,2
22.64,0.58199924,4.5160074,8.775665,999.41943,1,2
22.68,0.73497385,4.925930999999999,10.053956,999.4269400000001,1,2
22.72,-0.24964486,4.520773,9.159156,999.4572,1,2
22.76,-0.1588146,5.0689273,7.918742999999999,999.4937,1,2
22.8,-0.11578246,4.9783620000000015,10.243338,999.4174,1,2
22.84,-0.7132509,4.4159074,8.960315,999.3769,1,2
22.88,-0.56506306,4.6637683,7.8524647,999.4021,1,2
22.92,-0.47901967,4.516005000000002,7.2938056,999.4169999999999,1,2
22.96,-0.06316276,5.126124,8.344845,999.4119999999999,1,2
23.0,-0.13005903,4.496938,8.349582,999.4169300000001,1,2
23.04,0.24755937,4.8162970000000005,8.633647,999.4239,1,2
23.08,0.2666925,4.687599700000002,8.718867,999.4046599999999,1,2
23.12,0.38620156,4.868728,8.316444,999.4367699999999,1,2
23.16,0.44834596,4.925927,8.505821000000001,999.43427,1,2
23.2,0.32887182,4.706665,8.889308999999997,999.42645,1,2
23.24,0.4005828,4.7400303,8.794622,999.42944,1,2
23.28,0.31934008,4.6875978,8.396934,999.4288,1,2
23.32,0.3862643,4.701897,8.477419,999.4541,1,2
23.36,0.30024174,4.5350676,8.56264,999.42145,0,0
23.4,0.35282657,4.6017995,8.813563,999.42145,0,0
23.44,0.27158386,4.520767,8.491626,999.4516,0,0
23.48,0.290717,4.5731997,8.264375999999999,999.42645,0,0
23.52,0.35208353,4.4016223,8.988669,999.4163,0,0
23.56,0.35684678,4.601818,8.273772,999.4188,0,0
23.6,0.38072932,4.482654599999999,9.225387,999.4363,0,0
23.64,0.33291477,4.463588,8.477348,999.4262,0,0
23.68,0.34722945,4.4492892999999984,9.012335,999.4516,0,0
23.72,0.18469964,4.358725,9.059677,999.4209,0,0
23.76,0.09865492,4.277694,8.903439500000003,999.4312,0,0
23.8,0.2707031,4.830615,8.472608000000001,999.4314,0,0
23.84,0.17987037,4.9021144,8.8845,999.4536,0,0
23.88,0.19897303,4.9831457000000015,8.685653,999.4387,0,0
23.92,0.19897303,4.9831457000000015,8.685653,999.4289,0,0
23.96,0.022103827000000003,4.6351876,8.77087,999.4363,0,0
24.0,0.11289536,4.630421599999999,8.851353999999997,999.4406,0,0
24.04,0.28495178,4.516025,8.813476,999.4363,0,0
24.08,0.06029273,4.449293,8.728256,999.4511,0,0
24.12,-0.13092414,4.330129599999999,8.624097,999.44604,0,0
24.16,-0.07357476,4.296764,9.116474,999.43335,0,0
24.2,-0.38906658,3.8439419999999997,8.212201,999.4184,0,0
24.24,0.2992087,4.520793,8.373169,999.4163,0,0
24.28,0.2705216,4.444528599999999,8.628826,999.4183300000001,0,0
24.32,0.37566079999999996,4.4349957,8.761389,999.4457,0,0
24.36,0.47601190000000004,4.4588294,8.411039,999.4331699999999,0,0
24.4,0.50468254,4.506495,8.240602,999.4133,0,0
24.44,0.82968444,4.7209907,9.026508999999999,999.4406,0,0
24.48,0.7207,4.7305007,8.548422,999.4338,0,0
24.52,0.6442339,4.720967,8.690455,999.4262,0,0
24.56,0.18062527,4.387307,9.026601,999.4234,0,0
24.6,0.419637,4.468338,8.988728,999.4237699999999,0,0
24.64,0.43876702,4.334874,9.182839,999.43616,0,0
24.68,0.22847718,4.1108456,9.111824,999.4234,0,0
24.72,0.5009583,4.2824406999999995,8.794622,999.4388,0,0
24.76,0.8068873000000001,4.253841,8.912985,999.4257,0,0
24.8,0.5726876999999999,4.1299105,8.879845,999.4259,0,0
24.84,0.5201422,4.439736,8.477423,999.4462,0,0
24.88,0.7495835999999999,4.5970316,8.411142,999.4184,0,0
24.92,0.54408437,4.454034,8.676273,999.4209,0,0
24.96,0.15693101,4.249072,8.311725,999.41583,0,0
25.0,-0.019910904,4.1775730000000015,8.292788,999.44104,0,0
25.04,0.19043276,4.249071,9.216000000000001,999.4438,0,0
25.08,0.16176476,4.27767,8.974546,999.43585,0,0
25.12,0.3004114,4.4492650000000005,9.230207,999.44104,0,0
25.16,0.23829548,4.5255303,8.827784,999.4085,0,0
25.2,0.20484760000000002,4.5159965,8.851458000000003,999.44104,0,0
25.24,0.06625489999999999,4.3444,8.704692999999999,999.41595,0,0
25.28,0.09973505,4.4111314,8.695225,999.42084,0,0
25.32,0.18580386,4.4587959999999995,8.610009,999.4209,0,0
25.36,0.21928403,4.496928,8.936686,999.4287,0,0
25.4,0.13327987,4.492160299999999,8.657359,999.43585,0,0
25.44,-0.077387474,4.2872075999999995,8.695200999999999,999.4407,0,0
25.48,-0.05826515,4.2729077,8.770951,999.4183300000001,0,0
25.52,0.08035554,4.339639,9.092893,999.4035,0,0
25.56,-0.0056745319999999995,4.339639,8.463217,999.4635599999999,0,0
25.6,0.080365054,4.2872069999999995,8.548436,999.4136,0,0
25.64,0.09949065,4.3301053,8.908252000000003,999.40894,0,0
25.68,0.094717145,4.2919730000000005,8.638391,999.4259,0,0
25.72,0.20944194,4.4254365,8.766221,999.4209,0,0
25.76,0.3528393,4.5588994000000005,8.780424,999.4165,0,0
25.8,0.33372957,4.40637,8.789894,999.41583,0,0
25.84,0.4197692,4.4588019999999995,8.837239,999.4035,0,0
25.88,0.5440504,4.5064673,8.865644999999997,999.4382300000001,0,0
25.92,0.29072717,4.3920699999999995,8.856177,999.3960599999999,0,0
25.96,0.17602137,4.4063690000000015,8.340128,999.4413,0,0
26.0,0.29073983,4.439735400000001,8.482161,999.4461699999999,0,0
26.04,0.08043796,4.287205,8.628928,999.4363,0,0
26.08,0.17603719,4.4063690000000015,8.581584,999.4165,0,0
26.12,0.1569212,4.454034,8.927196499999997,999.4233,0,0
26.16,0.05177501599999999,4.2967377,8.879853,999.4233,0,0
26.2,0.07567718,4.3205705000000005,8.614727,999.4234,0,0
26.24,-0.0007901830000000001,4.3062705999999995,8.9414015,999.43585,0,0
26.28,-0.034245633,4.3110365999999996,8.557915,999.41534,0,0
26.32,-0.20630583,4.220472,9.102372,999.4259,0,0
26.36,-0.21108249,4.2443047,9.1733885,999.4259,0,0
26.4,0.520237,4.7447934,9.05503,999.4234,0,0
26.44,0.329048,4.639929,8.955607,999.4289,0,0
26.48,0.11922241,4.6113176,8.548492,999.4388,0,0
26.52,0.061877437,4.5255194,9.102419,999.4314,0,0
26.56,-0.22487281,4.225225,8.624248,999.4209,0,0
26.6,-0.08624575,4.315789,8.780484,999.42834,0,0
26.64,0.08106003,4.4206533,9.197113,999.4205300000001,0,0
26.68,-0.000158596,4.558882,7.696310499999999,999.4381,0,0
26.72,0.10024265,4.5398154,8.879914,999.4536,0,0
26.76,-0.23909806,4.2347555,8.004050999999999,999.43536,0,0
26.8,0.15766369,4.639912000000002,9.2113285,999.41534,0,0
26.84,0.18635517,4.6542115,9.102438000000001,999.43085,0,0
26.88,0.33455450000000003,4.9783363,8.202903,999.4356,0,0
26.92,0.13384077,4.7590737,9.003021,999.398,0,0
26.96,0.13384077,4.7590737,9.003021,999.4257,0,0
27.0,-0.19592766,4.7209406,8.122425999999999,999.4307,0,0
27.04,0.10523800000000001,4.6875734000000016,8.71423,999.4536,0,0
27.08,0.26777673,4.8210370000000005,8.193447,999.4331699999999,0,0
27.12,0.43030274,4.9163675000000016,8.373356,999.4257,0,0
27.16,0.15787931,4.5922410000000005,8.226592,999.43787,0,0
27.2,0.20570266,4.577941,8.903613,999.42834,0,0
27.24,0.07189351,4.568407,8.382832,999.43286,0,0
27.28,0.4304042,4.9068317000000015,8.397037,999.4530599999999,0,0
27.32,0.13886152,4.601772,8.733183,999.4255400000001,0,0
27.36,0.3109598,4.859164700000001,8.264479,999.4431,0,0
27.4,0.18671025,4.625603,8.681108,999.4477,0,0
27.44,0.3062434,4.6160692999999995,9.097739,999.4403699999999,0,0
27.48,0.33388520000000005,4.601795,9.159192,999.4314,0,0
27.52,0.29563034,4.606562,8.619468,999.4482,0,0
27.56,0.2717148,4.6589947,8.799374,999.4279,0,0
27.6,0.20477286,4.601796599999999,8.766232,999.4255400000001,0,0
27.64,-0.005554946,4.5016989999999995,8.747292,999.4202,0,0
27.68,-0.04380162,4.515999,8.804105,999.4279,0,0
27.72,0.21907113,4.7161946,8.624195,999.4505,0,0
27.76,0.19515562,4.658996599999999,8.9082575,999.42523,0,0
27.8,0.11867051,4.5922647,8.799366000000003,999.4403699999999,0,0
27.84,-0.015180451999999999,4.539833,8.6762705,999.4425699999999,0,0
27.88,-0.11557284,4.425436,8.856175,999.43756,0,0
27.92,0.1425201,4.5017014,8.671533,999.4277,0,0
27.96,0.29545736,4.6637645,8.505827,999.4301,0,0
28.0,0.046882875,4.5112357,8.458480999999999,999.45245,0,0
28.04,0.07077371,4.5493684000000005,8.486886,999.43286,0,0
28.08,0.027738932999999997,4.4492707000000005,8.908246,999.4321,0,0
28.12,0.17111662,4.5207695999999995,8.534227,999.4450699999999,0,0
28.16,0.3049264,4.6161012999999995,8.856164999999997,999.44006,0,0
28.2,0.25234038,4.6494675,8.501083,999.43207,0,0
28.24,0.123269185,4.625635,8.770942999999999,999.43256,0,0
28.28,0.15192327,4.5779705,8.562627,999.4069999999999,0,0
28.32,0.15669487,4.5970364,8.633643,999.4218,0,0
28.36,-0.17313635,4.411142,8.699922,999.4141,0,0
28.4,-0.14924552,4.420675,8.501076,999.4593,0,0
28.44,0.22833423,4.4302087,9.197030999999999,999.43146,0,0
28.48,0.36266667,4.573193,8.742573,999.4144,0,0
28.52,0.6255596999999999,4.84012,8.146039,999.4218,0,0
28.56,0.20494074,4.4444957,8.917747,999.4293,0,0
28.6,0.008972569,4.215701,8.591074,999.43396,0,0
28.64,0.12369359,4.2776656,9.036109,999.4363,0,0
28.68,0.20495221,4.4111294999999995,8.960359,999.43396,0,0
28.72,0.42482504,4.6208577,8.827795,999.4289,0,0
28.76,0.5060855,4.854419,8.723638000000001,999.42395,0,0
28.8,0.6447036,4.8734856,8.856202,999.4056,0,0
28.84,0.4296182,4.8591857,8.396965,999.4006,0,0
28.88,0.34836346,4.8162866,8.278605,999.4261,0,0
28.92,-0.057914183,4.5207596,8.463248,999.3986,0,0
28.96,-0.04834886,4.358697,9.320175,999.4158,0,0
29.0,0.056808744,4.3062644,9.140267999999999,999.4209599999999,0,0
29.04,0.14285092,4.363462999999999,8.908283,999.4028300000001,0,0
29.08,0.20021047,4.420662,8.756782000000001,999.4061,0,0
29.12,0.21933350000000001,4.4683269999999995,8.562672000000001,999.4223599999999,0,0
29.16,0.028145144,4.3396300000000005,8.430109,999.405,0,0
29.2,0.13330461,4.434961299999999,8.752049000000001,999.43335,0,0
29.24,0.18110839,4.525526,8.842004,999.4102,0,0
29.28,0.04727767,4.568423999999999,8.382766,999.4075300000001,0,0
29.32,0.04727767,4.568423999999999,8.382766,999.4127,0,0
29.36,0.17155828,4.511225700000002,8.6763,999.41205,0,0
29.4,0.26715818,4.668522,8.756784,999.4173,0,0
29.44,0.023391977,4.644689,8.368564,999.4372599999999,0,0
29.48,0.061032902,4.6399374,8.505807,999.4075,0,0
29.52,-0.29269287,4.2872129999999995,8.770931,999.4421,0,0
29.56,-0.36919009999999997,4.2061815000000005,9.097603,999.4473,0,0
29.6,-0.14933936,4.506475,8.619427,999.422,0,0
29.64,-0.20671728,4.606573,8.458455,999.41705,0,0
29.68,-0.20674773,4.368246599999999,8.856143,999.4372599999999,0,0
29.72,-0.21153764,4.2109504,8.870345,999.45154,0,0
29.76,-0.23066704,4.2776819999999995,9.002908,999.4144,0,0
29.8,-0.115972035,4.230017,8.988703,999.4219400000001,0,0
29.84,0.26160204,4.463579,8.965028,999.4213,0,0
29.88,0.2615716,4.7400402999999995,8.283271000000001,999.4314,0,0
29.92,-0.053915758,4.530312,8.95082,999.4314,0,0
29.96,-0.053915758,4.530312,8.95082,999.42645,0,0
30.0,-0.39332235,4.4683475,8.898738,999.42865,0,0
30.04,-0.5701853,4.296752,8.818252000000003,999.4314,0,0
30.08,-0.65146214,4.2443204,8.804047,999.4561,0,0
30.12,-0.41728228,4.353952,8.846654,999.3985,0,0
30.16,-0.37427413,4.444516999999999,8.898731,999.42865,0,0
30.2,-0.35517529999999997,4.444516999999999,8.808776,999.43616,0,0
30.24,-0.44601179999999996,4.425451799999999,8.529444,999.43567,0,0
30.28,-0.45081190000000004,4.301522,8.7851,999.4084,0,0
30.32,-0.46995142,4.2204904999999995,8.785098,999.42584,0,0
30.36,-0.43173328,4.339655400000002,8.624125999999999,999.4753,0,0
30.4,-0.369606,4.4016204000000005,8.832439,999.4177,0,0
30.44,-0.38396564,4.3444223,8.837172,999.4348,0,0
30.48,-0.42555952,4.287189,8.884646,999.415,0,0
30.52,-0.3346862,4.334853,8.941464,999.43005,0,0
30.56,-0.38244617,4.210922,9.021953,999.4053,0,0
30.6,-0.6883156,4.4826144999999995,7.5969005,999.4664300000001,0,0
30.64,-0.17207779999999998,4.8067400000000005,8.657409,999.4100300000001,0,0
30.68,-0.9367893,3.9535245999999997,7.966191,999.3873,0,0
30.72,-0.15286343,3.7819278,8.9320135,999.4149,0,0
30.76,0.000109298,3.7628608,9.964114,999.4488,0,0
30.8,0.2917344,5.683782,7.7247467000000025,999.43896,0,0
30.84,-0.45865676,4.4397097,9.55223,999.4042400000001,0,0
30.88,-0.8553613999999999,4.067918,8.179255,999.3996599999999,0,0
30.92,-0.58763534,4.349143,8.690577000000001,999.41174,0,0
30.96,-0.29602933,4.3920417,9.452819,999.4095,0,0
31.0,-0.3772479,4.3682075,8.136658,999.3989,0,0
31.04,-0.04740347,4.4492383,8.908369,999.4435,0,0
31.08,0.024312688,4.3968053,9.135622,999.3987400000001,0,0
31.12,0.23946089,4.72093,8.638514500000001,999.42664,0,0
31.16,0.15346248,4.5016675,9.1119585,999.43854,0,0
31.2,-0.09028848,4.287172,8.927319,999.4183,0,0
31.24,0.25867525,4.673262,8.808963,999.4315,0,0
31.28,0.110539325,4.4921317,8.529634,999.446,0,0
31.32,0.27309072,4.5350304,8.737953,999.40576,0,0
31.36,0.06281742,4.372966,8.827909,999.4281,0,0
31.4,0.2779466,4.492129,8.84685,999.41296,0,0
31.44,0.21582817,4.506428700000002,8.861055,999.45844,0,0
31.48,0.27700186,4.4826193,8.576903,999.4208,0,0
31.52,0.35347617,4.525519,8.913046000000003,999.4203,0,0
31.56,0.24353817,4.363455,8.737873,999.4125,0,0
31.6,0.3056743,4.4635534,8.733138,999.4281,0,0
31.64,0.34390894,4.4397206,8.766278999999999,999.4302,0,0
31.68,0.42038205,4.6017838,8.83256,999.405,0,0
31.72,0.43472016,4.568417500000002,8.633716,999.4046,0,0
31.76,0.25786358,4.349156,9.017202000000001,999.40265,0,0
31.8,0.25308257,4.3729887000000005,8.794685000000001,999.41046,0,0
31.84,0.31521875,4.392055,8.477478999999999,999.4278,0,0
31.88,0.38691068,4.411122,8.74734,999.4273699999999,0,0
31.92,0.4251479,4.4540205,8.718933,999.4198,0,0
31.96,0.41080722,4.420655,8.775746,999.41254,0,0
32.0,0.45382288,4.4730872999999995,8.77101,999.4401,0,0
32.04,0.41080087,4.439721,8.756807,999.41254,0,0
32.08,0.3152022,4.396822,8.818355,999.4150400000001,0,0
32.12,0.48727265,4.525519999999998,8.671588,999.4377,0,0
32.16,0.37733459999999996,4.4540205,8.7899475,999.4046,0,0
32.2,0.32475552,4.4015889999999995,8.766275,999.44775,0,0
32.24,0.38688916,4.487387,8.965119999999997,999.41254,0,0
32.28,0.3295302,4.4015889999999995,8.638447,999.4248699999999,0,0
32.32,0.3534255,4.4397215999999995,8.950916000000003,999.4203,0,0
32.36,0.33430496,4.434955,8.747337,999.39764,0,0
32.4,0.5254959,4.573185400000002,8.553225999999999,999.4318,0,0
32.44,0.3247403,4.325324500000002,8.927244,999.41986,0,0
32.48,0.38795522,4.3872633,8.539122,999.4049699999999,0,0
32.52,0.37841585,4.4444612999999995,8.652747999999999,999.41254,0,0
32.56,0.41191515,4.477826599999998,8.83266,999.4095,0,0
32.6,0.46453354,4.5111914,8.790054,999.4318,0,0
32.64,0.34509927,4.334827,8.856341,999.4219400000001,0,0
32.68,0.37381867,4.377725,8.704844,999.4119,0,0
32.72,0.49815443,4.3777237,8.700115,999.4169999999999,0,0
32.76,0.5125142,4.4444550000000005,8.908431,999.4075300000001,0,0
32.8,0.44563746,4.4110879999999995,8.600698,999.4175,0,0
32.84,0.27362543,4.258557,8.984191000000003,999.43475,0,0
32.88,0.40272070000000004,4.368187,8.515489,999.3995,0,0
32.92,0.4457592000000001,4.3777194,8.662257,999.4248,0,0
32.96,0.37886223,4.3062205,8.7474785,999.4278,0,0
33.0,0.5366364,4.4873486,8.818498,999.4273,0,0
33.04,0.3024868,4.272851999999999,9.045755,999.4450699999999,0,0
33.08,0.43636194,4.3538822999999995,8.965274,999.4203,0,0
33.12,0.57499653,4.4968786,9.01262,999.4150400000001,0,0
33.16,0.455542,4.4396787,8.775903,999.4198,0,0
33.2,0.40300477,4.3348135999999995,9.112049,999.4175,0,0
33.24,0.46040297,4.44921,9.083646,999.4352,0,0
33.28,0.5656194999999999,4.4921074,9.041042,999.4046,0,0
33.32,0.5560801,4.492107,8.927419,999.4149,0,0
33.36,0.43664595,4.4539733,9.1641445,999.4450699999999,0,0
33.4,0.47492498,4.4444394,8.984241,999.3952,0,0
33.44,0.48930496,4.554068599999999,9.164152,999.4175,0,0
33.48,0.44918925,4.515982,9.225528,999.44464,0,0
33.52,0.5017315999999999,4.4921503,9.201852,999.4248,0,0
33.56,0.5255951,4.5302835,8.908316000000003,999.4223599999999,0,0
33.6,0.5112202,4.5493510000000015,9.178173,999.4273699999999,0,0
33.64,0.44902948,4.573185400000002,9.315467,999.4253,0,0
33.68,0.35819548,4.4826207,9.253917999999999,999.4298,0,0
33.72,0.41073784,4.525521,9.291789,999.4075300000001,0,0
33.76,0.5492988,4.587487,9.234972,999.40515,0,0
33.8,0.44412544,4.563655000000002,9.239705,999.4248,0,0
33.84,0.4823106,4.5922556,9.192356,999.4,0,0
33.88,0.4679534000000001,4.6017895,9.244432000000002,999.3922,0,0
33.92,0.45357847,4.5588903,9.580572,999.3969999999999,0,0
33.96,0.47264448,4.65899,9.287035000000001,999.42,0,0
34.0,0.56344295,4.6685233,9.419596,999.39307,0,0
34.04,0.48216859,4.606559,9.623174,999.39276,0,0
34.08,0.5155739,4.597027,9.324902,999.37964,0,0
34.12,0.49165714,4.616093599999999,9.471665,999.37195,0,0
34.16,0.53940195,4.568429,9.28702,999.3927,0,0
34.2,0.3051383,4.4397335,9.457453,999.39264,0,0
34.24,0.3051383,4.4397335,9.457453,999.403,0,0
34.28,0.31942445,4.5017,9.386433,999.3852,0,0
34.32,0.52970034,4.597032,9.523726,999.3778699999999,0,0
34.36,0.39583027,4.496935400000001,9.291738,999.3724,0,0
34.4,0.438813,4.563668,9.424297,999.3804,0,0
34.44,0.35275882,4.5017033,9.305936,999.3749,0,0
34.48,0.37804997,4.515969,9.514377,999.3673,0,0
34.52,0.41630992,4.5398010000000015,9.296597,999.3704,0,0
34.56,0.41630992,4.5398010000000015,9.296597,999.3403,0,0
34.6,0.54062796,4.596998,9.485975999999999,999.3298300000001,0,0
34.64,0.46416187,4.506434,9.268195,999.3435699999999,0,0
34.68,0.5454509,4.5207324,9.126165,999.35205,0,0
34.72,0.3495005,4.425400700000001,9.414966,999.30756,0,0
34.76,0.4259989000000001,4.4587665,9.268202,999.3406,0,0
34.8,0.3925618,4.501664599999999,9.400767,999.3481400000001,0,0
34.84,0.44515043,4.506431,9.320283,999.3254,0,0
34.88,0.49774984,4.487364299999999,9.012549,999.33575,0,0
34.92,0.41651472,4.3824997,9.111974,999.3174,0,0
34.96,0.5073633,4.5445614,8.903663,999.3031,0,0
35.0,0.44045687,4.4730635,9.348697999999999,999.2981599999999,0,0
35.04,0.45003802,4.492129,9.007822,999.3081,0,0
35.08,0.31144527,4.353898,9.400780000000001,999.3205,0,0
35.12,0.49309936,4.4158626,8.936810000000003,999.3051,0,0
35.16,0.52656883,4.468294599999999,8.98889,999.2958,1,3
35.2,0.48836267,4.4730606,8.671687,999.28534,1,3
35.24,0.50749266,4.4682937,8.685891999999999,999.2908,1,3
35.28,0.34023187,4.3014636,8.979428,999.2908,1,3
35.32,0.45496875,4.43016,8.913149,999.28314,1,3
35.36,0.5075681,4.396794,8.766384,999.2933,1,3
35.4,0.44545218,4.3205276,8.936824,999.2560000000001,1,3
35.44,0.5028314,4.339594,8.808997,999.2679,1,3
35.48,0.34476775,4.2776365,8.94153,999.2556,1,3
35.52,0.44037142,4.306236,8.747421000000001,999.2833,1,3
35.56,0.50251645,4.401566000000001,8.794765,999.2609,1,3
35.6,0.50730383,4.3348346,8.752156,999.2457,1,3
35.64,0.33523852,4.234737,8.780563,999.2432,1,3
35.68,0.39260003,4.249037,8.638531,999.2431,1,3
35.72,0.45474502,4.291935,8.851581,999.2382,1,3
35.76,0.42607382,4.344367,8.733221,999.2407,1,3
35.8,0.46909967,4.3539004,9.059896,999.2279699999999,1,3
35.84,0.5121293,4.3682,8.799503999999997,999.2107,1,3
35.88,0.45477548,4.3586664000000015,8.600660000000001,999.20776,1,3
35.92,0.37831002,4.2347355,8.818442999999998,999.1950699999999,1,3
35.96,0.30661678,4.2347355,8.837381,999.203,1,3
36.0,0.49782038,4.3443656,9.126182,999.1824,1,3
36.04,0.49782038,4.3443656,9.126182,999.17523,1,3
36.08,0.66512865,4.487362,8.368677,999.1777,1,3
36.12,0.62689406,4.4301634000000005,8.624335,999.1954300000001,1,3
36.16,0.36879224,4.1918353999999995,8.913136,999.18475,1,3
36.2,0.29231918,4.215668,8.889463000000003,999.18756,1,3
36.24,0.45961997,4.4063300000000005,8.941543,999.175,1,3
36.28,0.5217725999999999,4.4253955000000005,8.723761999999999,999.17523,1,3
36.32,0.59825325,4.449229,8.373416,999.1931,1,3
36.36,0.34015533,4.229967,8.690622,999.1628400000001,1,3
36.4,0.3449389,4.229967,8.501246,999.14764,1,3
36.44,0.3736253,4.3348308,9.007828,999.1777,1,3
36.48,0.4357704000000001,4.4444620000000015,8.747437,999.15295,1,3
36.52,0.4740164000000001,4.3920293,9.022033,999.1451400000001,1,3
36.56,0.48306546,4.396808,8.633764999999999,999.1523,1,3
36.6,0.47349435,4.291944,8.695311,999.15295,1,3
36.64,0.49738762,4.3062444000000015,8.666903999999999,999.1325699999999,1,3
36.68,0.45913770000000004,4.377743,8.780529,999.1371,1,3
36.72,0.41610792,4.392043,8.799465,999.13275,1,3
36.76,0.31571479999999996,4.3014790000000005,8.756853999999999,999.1102,1,3
36.8,0.42564455,4.372977,8.520133,999.1,1,3
36.84,0.50688964,4.3634443,8.657430999999999,999.0975300000001,1,3
36.88,0.4877532,4.3348455,8.131909,999.11273,1,3
36.92,0.47818783,4.296713,8.344958,999.0898,1,3
36.96,0.27741882,4.187083,8.605348,999.1123,1,3
37.0,0.40168795,4.334846,8.558003,999.1027,1,3
37.04,0.43992066,4.4015775,8.62902,999.0669,1,3
37.08,0.54027927,4.415878,8.397031,999.0846,1,3
37.12,0.2821469,4.1346517,8.35442,999.0675699999999,1,3
37.16,0.2821469,4.1346517,8.35442,999.0925,1,3
37.2,0.17697966,4.1727843,8.368622,999.0768400000001,1,3
37.24,0.38249397,4.2776494000000005,8.529589999999999,999.0574,1,3
37.28,0.38249397,4.2776494000000005,8.529589999999999,999.06195,1,3
37.32,0.5641092,4.3491480000000005,8.179243,999.0645,1,3
37.36,0.38245943,4.1823190000000015,8.529587,999.0743,1,3
37.4,0.22949994,4.096521,8.359148,999.0342,1,3
37.44,0.24860193,4.239518,8.643211,999.0545,1,3
37.48,0.28205478,4.2538176,8.486975,999.04645,1,3
37.52,0.49712873,4.272885,8.1934395,999.0447,1,3
37.56,0.51624215,4.272885,8.117689,999.0067,1,3
37.6,0.5123582,4.2394967,7.9568020000000015,999.0595,1,3
37.64,0.29729116,4.0774336,8.146179,999.04926,1,3
37.68,0.30687487,4.148931,8.027822500000001,999.01404,1,3
37.72,0.42161423,4.239495,8.207730999999999,999.0291,1,3
37.76,0.4550849,4.287161,8.217201,999.0210599999999,1,3
37.8,0.5029191,4.358658,8.131986,999.0143,1,3
37.84,0.51249075,4.2871594,7.909469599999999,998.9839,1,3
37.88,0.44559756,4.22996,8.264552,999.0135,1,3
37.92,0.34525788,4.2061257,7.909475299999999,999.0363,1,3
37.96,0.37874055,4.225192,8.463403,999.00604,1,3
38.0,0.40743148,4.315756299999999,8.250355,998.99786,1,3
38.04,0.36922914,4.2204237000000004,8.117796,999.0179400000001,1,3
38.08,0.43139067,4.3062214999999995,8.070454,999.0007,1,3
38.12,0.44097438,4.2442555,8.416067,999.0127,1,3
38.16,0.45055804,4.482583,8.150944,998.9880400000001,1,3
38.2,0.3741053,4.5016484000000005,8.18882,999.0101300000001,1,3
38.24,0.24028283,4.3681849999999995,8.245635,998.9956699999999,1,3
38.28,0.29767662,4.315752,8.297716000000001,999.008,1,3
38.32,0.106508546,4.1822877,8.103608,999.0028699999999,1,3
38.36,0.11608023,4.301451,8.070469000000001,998.9953,1,3
38.4,-0.008158482,4.1775199999999995,8.098878,998.9848599999999,1,3
38.44,0.3407912,4.473046,8.198302,999.00226,1,3
38.48,0.31690425,4.3729477,8.34507,999.02,1,3
38.52,0.13529578,4.225184,8.435025999999999,998.9898,1,3
38.56,0.4168672000000001,4.5207205,8.269281,999.0024400000001,1,3
38.6,0.53158504,4.573153,8.562814999999999,999.01984,1,3
38.64,0.46945018,4.5779195,8.558082,999.0193,1,3
38.68,0.34518033,4.453989,8.468128,998.99725,1,3
38.72,0.46946034,4.492121,8.567552000000001,999.02167,1,3
38.76,0.46947044,4.5779190000000005,8.539145,999.0121,1,3
38.8,0.27828085,4.4825883,8.61963,998.997,1,3
38.84,0.2639439,4.4635215,8.577021,999.0012,1,3
38.88,0.16835545,4.468287999999999,8.59596,999.0111699999999,1,3
38.92,0.15880091,4.439687999999999,8.737992,999.00684,1,3
38.96,0.11100797,4.453988,8.524944,999.0163,1,3
39.0,-0.008479479,4.425389,8.747461,999.0012,1,3
39.04,0.06799992,4.477821,8.60543,998.99835,1,3
39.08,0.19227988,4.468287,8.733259,998.9939,1,3
39.12,0.13492982,4.4444547,8.392384,998.99084,1,3
39.16,0.13015254,4.5350194,8.553352,998.98285,1,3
39.2,0.13493744,4.4539876,8.624369999999999,998.99536,1,3
39.24,0.2783341,4.5588517,8.809011,998.99036,1,3
39.28,0.13016783,4.4921193,8.652777,999.0155599999999,1,3
39.32,0.27834678,4.592217400000001,8.472869000000001,998.9957,1,3
39.36,0.06804048,4.468286,8.785341,998.99,1,3
39.4,0.17798102,4.5064187,8.676451,999.0081,1,3
39.44,0.09672947,4.468286,8.638575999999999,998.985,1,3
39.48,0.22100943,4.630349,8.581763,998.99225,1,3
39.52,0.13975786,4.539784,8.61017,998.98474,1,3
39.56,0.14476286,4.539779,8.747489,998.98425,1,3
39.6,0.17345566,4.616043599999999,8.662271,998.9661,1,3
39.64,0.32642329999999997,4.6732416,8.780632,998.9735,1,3
39.68,0.17826335,4.5969763,8.477632,998.9938,1,3
39.72,0.17826335,4.5969763,8.477632,998.9917,1,3
39.76,0.12091969,4.525478,8.619664,998.9837,1,3
39.8,0.17352541,4.635108,8.714355,998.9689,1,3
39.84,0.16875958,4.6255746,8.662278,998.9707599999999,1,3
39.88,0.35040614,4.6827726,8.756967,998.9859,1,3
39.92,0.29305544,4.6541734,8.652811,998.9787,1,3
39.96,0.23570472,4.63034,8.496576,998.99866,1,3
40.0,0.15925583,4.5016427000000006,8.7711735,998.99615,1,3
40.04,0.09235249,4.654172,8.49658,998.9831,1,3
40.08,0.20229498,4.716137000000002,8.487111,998.9648,1,3
40.12,0.087600626,4.563607,8.932149,998.97784,1,3
40.16,0.063708566,4.5826725999999995,8.865867,998.9677,1,3
40.2,0.14976603,4.6255717,8.728571,998.95557,1,3
40.24,0.08763553,4.511174,8.723837,998.9822,1,3
40.28,0.0876495,4.506407,8.775917,998.95245,1,3
40.32,0.13546151,4.5922046,8.368758999999999,998.9497,1,3
40.36,0.14503504,4.558838400000001,8.738045,998.9418,0,0
40.4,0.1402692,4.577904,8.723842,998.95215,0,0
40.44,0.14505596,4.5493045,8.723842999999999,998.95386,0,0
40.48,0.10205869,4.5874367,8.790127,998.97644,0,0
40.52,0.13553126,4.5826697,8.917956,998.97156,0,0
40.56,0.07365745,4.530231,8.534494,998.95917,0,0
40.6,0.21228376,4.6112623,8.397197,998.9889,0,0
40.64,0.17886123,4.5683627,8.828032,998.9736300000001,0,0
40.68,0.22191563,4.6684594000000015,8.558174000000001,998.9461699999999,0,0
40.72,0.16936184,4.5445285,8.747552,998.9733,0,0
40.76,0.1932729,4.554061,8.487161,998.9708,0,0
40.8,0.3032204,4.7161230000000005,8.539241,998.96606,0,0
40.84,0.07382598,4.56836,8.752293,998.961,0,0
40.88,0.026064017999999998,4.5016264999999995,8.553450999999999,998.9731400000001,0,0
40.92,0.026064017999999998,4.5016264999999995,8.553450999999999,998.9585,0,0
40.96,0.078665935,4.573125,8.761766,998.9733,0,0
41.0,0.11216066,4.6589212,8.558191,998.9583,0,0
41.04,0.15997073,4.6827545,8.577129,998.96295,0,0
41.08,0.08352995,4.5969553,8.733367999999999,998.96265,0,0
41.12,0.08833384,4.630321,8.52979,998.96515,0,0
41.16,0.12180454,4.6303205,8.648152,998.9497,0,0
41.2,0.088382006,4.611253,8.56767,998.95465,0,0
41.24,0.22702041,4.673218,8.709703999999999,998.9473,0,0
41.28,0.16011517,4.639851999999999,8.657627,998.9695,0,0
41.32,0.13624021,4.6207848,8.586613999999999,998.9666,0,0
41.36,-0.002337961,4.5635853,8.676571000000001,998.9468400000001,0,0
41.4,0.06459128,4.616017299999998,8.775994,998.9444,0,0
41.44,0.16021144,4.616017,8.539276,998.9766,0,0
41.48,0.08855047,4.4777856,8.89436,998.9642,0,0
41.52,0.08855047,4.4777856,8.89436,998.956,0,0
41.56,0.15071201,4.592182,8.539282,998.95636,0,0
41.6,0.030313628,4.573138,8.88481,998.96405,0,0
41.64,0.17368877,4.6827693,8.700167,998.9743699999999,0,0
41.68,0.06852667,4.5540724,8.723838,998.9737,0,0
41.72,0.1880091,4.563606299999999,8.799586999999997,998.9737,0,0
41.76,0.20233583,4.763802,9.08365,999.0400400000001,0,0
41.8,-0.046233002,4.7876353,8.359285,999.0227699999999,0,0
41.84,0.46519336,5.0640955000000005,8.856397,998.97327,0,0
41.88,0.035004593,4.744736,9.149929,998.90405,0,0
41.92,-0.44298208,4.396778,8.790113,998.94116,0,0
41.96,-0.29004106,4.191816,8.667017999999999,998.9607,0,0
42.0,-0.027170915,4.6875386,8.756969,998.9527,0,0
42.04,0.030174062,4.6875386,8.742764999999999,998.9527,0,0
42.08,-0.008070651,4.611274,8.510779,998.9646,0,0
42.12,0.10184573400000001,4.639874,8.577058000000001,998.96765,0,0
42.16,0.020582748999999997,4.5350103,8.458698,998.9399400000001,0,0
42.2,0.40294805,4.902035700000001,8.813775999999997,998.9621,0,0
42.24,0.34558403,4.759039,8.932136999999997,998.9566,0,0
42.28,0.22606991,4.73044,8.482366,998.9719,0,0
42.32,0.23562314,4.7209067000000005,8.420817999999999,998.9671,0,0
42.36,0.25950313,4.668475,8.638599000000001,998.9494,0,0
42.4,0.19257322,4.596976799999998,8.633863999999999,998.9445,0,0
42.44,0.23080528,4.5826774000000015,8.681207,998.95166,0,0
42.48,0.2785843,4.6065106,8.695408,998.9719,0,0
42.52,0.350275,4.606511,8.685939999999999,998.9596,0,0
42.56,0.14473075,4.6112776,8.534436,998.9816,0,0
42.6,0.3897653,4.6589127,8.9559145,998.9764,0,0
42.64,0.30852705,4.6207795,8.785478,998.9566,0,0
42.68,0.31334358,4.6064787,8.591371,998.9435,0,0
42.72,0.31339872,4.673209,8.586641,998.93854,0,0
42.76,0.35167393,4.61601,8.6576605,998.9534,0,0
42.8,0.45206818,4.687507599999999,8.757085,998.9263,0,0
42.84,0.4043069,4.673207,8.667133999999999,998.9739400000001,0,0
42.88,0.41868305,4.8114367,8.591387,998.9659,0,0
42.92,0.48565543,4.4444102999999995,9.533539,998.9612400000001,0,0
42.96,0.36617872,4.3729115,9.121648,998.9311,0,0
43.0,0.20846355,4.501608,8.264722,998.9657599999999,0,0
43.04,0.084243834,4.5874047,8.548791,998.95105,0,0
43.08,-0.16426922,4.45394,8.534591,998.9731400000001,0,0
43.12,-0.13079219,4.353842299999998,8.719235000000001,998.94073,0,0
43.16,-0.039920818,4.5254374,8.903881,998.9710699999999,0,0
43.2,0.15130809,4.8304954,8.364163000000001,998.93304,0,0
43.24,0.41899547,5.0497565,8.563009,998.9609,0,0
43.28,0.27085832,4.611232299999998,9.557238,998.9506,0,0
43.32,0.041482925,4.6398306,8.099047,998.9329,0,0
43.36,-0.09231484,4.3347697,8.780804,998.9529,0,0
43.4,-0.01578284,4.530197,7.867069,998.9558,0,0
43.44,-0.01578284,4.530197,7.867069,998.95776,0,0
43.48,-0.06352574400000001,4.606461,8.52989,998.9783,0,0
43.52,0.05120789,4.625527,9.206911999999999,998.97815,0,0
43.56,0.2991518,4.8114370000000015,8.785495,998.9731400000001,0,0
43.6,0.2274598,4.7637715,8.856511,998.94525,0,0
43.64,-0.030634446,4.5492764,8.823372,998.94525,0,0
43.68,-0.08320717,4.5302095,8.842310000000003,998.97046,0,0
43.72,-0.12143546,4.5826416,8.264713,998.9405,0,0
43.76,-0.049723234000000005,4.6255407,8.562983000000001,998.97296,0,0
43.8,-0.15965365,4.5159097,8.719218,998.9602,0,0
43.84,-0.34605584,4.4730099999999995,8.605592999999999,998.9426,0,0
43.88,0.35659057,4.6684384,9.400975,998.9949,0,0
43.92,0.19886713,4.616006400000002,8.799706,998.95746,0,0
43.96,0.14151965,4.658905,8.3783455,998.9585,0,0
44.0,0.045928627,4.644605,8.430424,998.9482,0,0
44.04,0.022034727,4.563574,8.468301,998.97015,0,0
44.08,0.21801679999999996,4.6207720000000005,8.908600999999997,998.9527,0,0
44.12,0.4331232,4.7399354,8.534583,998.9428,0,0
44.16,0.32797256,4.7399354,8.586663,998.92944,0,0
44.2,0.24673624,4.7018023,8.539321000000001,998.96277,0,0
44.24,0.304104,4.625538,8.638744,998.9472,0,0
44.28,0.34712729999999997,4.6207705,8.63401,998.96796,0,0
44.32,0.19896352,4.6636695999999995,8.368884,998.9799,0,0
44.36,0.22287779,4.6589026,8.615075,998.9602699999999,0,0
44.4,0.24200709,4.7589999999999995,8.742905,998.96265,0,0
44.44,0.2706961,4.840031,8.402028999999999,998.94525,0,0
44.48,0.25636175,4.8972297,8.368888,998.965,0,0
44.52,0.1273121,4.906763,8.652953,998.9630000000001,0,0
44.56,0.031919505,4.8114266,8.657705,998.9853,0,0
44.6,-0.058879077,4.6827292,8.733458,998.9673,0,0
44.64,0.084523976,4.7065616,8.946507,998.9354,0,0
44.68,0.1658073,4.6874948,8.54882,998.9552,0,0
44.72,0.31876987,4.720861,8.747665,998.9403699999999,0,0
44.76,0.34269553,4.7828254999999995,8.3641815,998.9522,0,0
44.8,0.37139213,4.7828245,8.548824,998.9599,0,0
44.84,0.30448374,4.7303925000000016,8.439935,998.9673,0,0
44.88,0.29494187,4.7542243,8.567764,998.9648,0,0
44.92,0.07987732,4.6731925,8.444673,998.965,0,0
44.96,0.39536217,4.859088,8.71927,998.9621,0,0
45.0,0.17072909,4.5826273,8.76188,998.9422599999999,0,0
45.04,0.33325136,4.7256230000000015,8.492021000000001,998.9675,0,0
45.08,0.34282870000000004,4.735156,8.667194,998.9497,0,0
45.12,0.20901194,4.654124299999999,8.577243,998.97015,0,0
45.16,0.29984593,4.592159,8.7382145,998.9450699999999,0,0
45.2,0.5054041,4.9687160000000015,8.59145,998.9698,0,0
45.24,0.37158743,4.6350565,8.695609,998.9873699999999,0,0
45.28,0.26166964,4.7589865,8.454156,998.9797,0,0
45.32,0.30470568,4.7542195,8.496767,998.9444,0,0
45.36,0.2664761,4.6731877,8.6388,998.97473,0,0
45.4,0.17568646,4.7685184000000005,8.515708,998.9374,0,0
45.44,0.12790622,4.601689,8.529912,998.9602,0,0
45.48,0.08489683,4.6445870000000005,8.563054,998.9621,0,0
45.52,0.10404269999999999,4.668419999999999,8.430492999999998,998.9566699999999,0,0
45.56,0.10404269999999999,4.668419999999999,8.430492999999998,998.9388,0,0
45.6,0.0131554,4.6398220000000014,8.496769,998.95746,0,0
45.64,0.0036027999999999998,4.649354499999999,8.454161000000001,998.9769,0,0
45.68,-0.015502459,4.5587897,8.657741,998.9518,0,0
45.72,0.2521875,4.8495493,8.567789,998.9621,0,0
45.76,0.21873581,4.811416599999999,8.889728999999997,998.94916,0,0
45.8,0.2952336,4.8352494,8.539385000000001,998.9725300000001,0,0
45.84,-0.020219471,4.5969205,8.799778,998.9497,0,0
45.88,-0.010652897,4.635053,8.515715,998.9596,0,0
45.92,-0.044090625,4.492056,8.7382345,998.9666,0,0
45.96,0.03239321,4.511122,8.615139,998.9568,0,0
46.0,0.12800327,4.615986,8.671954,998.9522,0,0
46.04,0.26186565,4.716082599999999,8.903941,998.9814,0,0
46.08,0.23797359,4.711316,8.5583315,998.9472,0,0
46.12,0.45785847,4.8209467,8.832927999999997,998.9416,0,0
46.16,0.3574966,4.453921,8.880274,998.96155,0,0
46.2,0.42920762,4.7971134000000015,8.302677000000001,998.9441,0,0
46.24,0.37185687,4.901977,7.8008313,998.9571,0,0
46.28,0.22369693,4.7065480000000015,9.150136999999999,998.96906,0,0
46.32,0.14245422,4.5301849999999995,8.700371,998.97327,0,0
46.36,0.22850463,4.873377,8.269541,998.961,0,0
46.4,-0.053489864000000005,4.8543105,7.9523363,998.9462,0,0
46.44,-0.09648721,4.787578,8.818734,998.9288,0,0
46.48,-0.16339049,4.5730830000000005,9.159614,998.9593,0,0
46.52,0.027815644,4.6207476,8.899222,998.9289,0,0
46.56,0.056501422,4.611214599999999,8.7193165,998.9462,0,0
46.6,-0.15450783,4.4348693,8.638767,998.9716,0,0
46.64,0.30911922,4.6159987000000005,8.837611,998.9388,0,0
46.68,0.35213044,4.644598,8.709781,998.9585599999999,0,0
46.72,0.658017,4.8733935,8.463591000000001,998.95105,0,0
46.76,0.28995809999999994,4.7208643,8.198462,998.9516,0,0
46.8,0.3042836,4.7351637,8.529867999999999,998.971,0,0
46.84,0.27559775,4.6255336,9.041183,998.9634,0,0
46.88,-0.07335587,4.5588017,8.264739,998.96655,0,0
46.92,-0.07335587,4.5588017,8.264739,998.9602,0,0
46.96,0.34246612,4.6636667,9.258963,998.9211,0,0
47.0,0.8299851999999999,4.844796,8.903880000000003,998.92847,0,0
47.04,0.45714656,4.7160997,8.05642,998.93616,0,0
47.08,0.28505966,4.7304,8.236326,998.9656,0,0
47.12,0.18945663,4.5826364,8.761845,998.9881,0,0
47.16,0.5049097,4.983028,8.482514,998.9609,0,0
47.2,0.31848335,4.978262,8.577200999999999,998.9585599999999,0,0
47.24,-0.035236094,4.820966,8.534589,998.95325,0,0
47.28,0.07947218,4.8257327000000005,8.823388000000003,998.9825400000001,0,0
47.32,0.017320808,4.7590010000000005,8.51565,998.9602,0,0
47.36,0.2993083,4.7733016,9.0885105,998.9656,0,0
47.4,-0.102209195,4.511141,8.278927000000001,998.94293,0,0
47.44,-0.11656259,4.463475700000001,8.259988,998.9631,0,0
47.48,-0.06399166,4.4015102,8.444628999999999,998.95514,0,0
47.52,0.045929816,4.363378,8.8233795,998.9775400000001,0,0
47.56,0.5397457,4.7637324,8.904001,998.97015,0,0
47.6,0.5349893,4.7303667,9.055505,998.95514,0,0
47.64,0.37730268,4.7827972999999995,8.449506,998.9526400000001,0,0
47.68,0.42036784,4.682698,9.126529,998.9674699999999,0,0
47.72,0.34869429999999996,4.5825996,8.8756075,998.9497,0,0
47.76,0.54471314,4.911491000000002,8.2696085,998.9472,0,0
47.8,0.16239919,4.558764,8.809338,998.96185,0,0
47.84,-0.13865803,4.539696,8.1891365,998.98236,0,0
47.88,-0.215088,4.372865,8.856692,998.95215,0,0
47.92,-0.11468869999999999,4.4300637,8.866162,998.9748,0,0
47.96,-0.028628781000000002,4.477729,8.700461,998.96686,0,0
48.0,0.19609241,4.687455,8.690999,998.9643,0,0
48.04,0.014506763,4.5063252,8.956128999999997,998.9343,0,0
48.08,0.114953,4.415758599999998,8.567915,998.94385,0,0
48.12,0.2631504000000001,4.4252915,8.780965,998.9544,0,0
48.16,0.2631504000000001,4.4252915,8.780965,998.9767,0,0
48.2,0.21064292,4.320425,8.582127,998.94916,0,0
48.24,0.07687884,4.3156576,8.894604,998.9643599999999,0,0
48.28,0.22031987,4.635015,9.169203999999999,998.9487,0,0
48.32,0.18688466,4.7065134,8.752578999999999,998.95374,0,0
48.36,0.22517002,4.644547,8.93249,998.9544,0,0
48.4,0.320813,4.782776,8.747852,998.9717,0,0
48.44,-0.042381752,4.4300489999999995,8.383308999999999,998.9461699999999,0,0
48.48,-0.17141297,4.3823824,8.369108,998.96796,0,0
48.52,-0.19526504,4.3728485,8.738398,998.9735,0,0
48.56,0.24229331,4.62553,9.03173,998.9585599999999,0,0
48.6,0.09407628,4.549266,8.416253,998.9585,0,0
48.64,-0.3265895,4.3157053,8.496735000000001,998.95557,0,0
48.68,-0.27881306,4.3014064,8.91336,998.9708,0,0
48.72,-0.19281963,4.4301047,8.84234,998.9733,0,0
48.76,-0.011230133,4.5349699999999995,8.941758,998.953,0,0
48.8,0.17991889,4.57787,8.72397,998.9653300000001,0,0
48.84,0.15599835,4.515905,8.974893,998.9580000000001,0,0
48.88,0.25633118,4.7065682,8.581933,998.9554,0,0
48.92,-0.35554838,4.301413,8.752367,998.94995,0,0
48.96,-0.054463795999999995,4.549275,9.0364275,998.9726,0,0
49.0,0.12712567,4.692272,8.553513,998.942,0,0
49.04,0.27527806,4.7590046,8.586652,998.9722,0,0
49.08,0.05534249,4.5778775000000005,8.534568,998.9696,0,0
49.12,0.00752291,4.5492787,8.259971,998.9924,0,0
49.16,0.06959575400000001,4.5969453,8.643452,998.9652,0,0
49.2,0.002656936,4.377684599999999,8.847029,998.9622,0,0
49.24,-0.006945734,4.4634833,8.610304,998.95734,0,0
49.28,0.1316255,4.7971435,8.411455,998.98645,0,0
49.32,0.17462220000000006,4.639847799999999,8.918035,998.9617,0,0
49.36,-0.274744,4.4873195,8.359369000000001,998.9820599999999,0,0
49.4,-0.18875055,4.5778847,8.482460000000001,998.9416,0,0
49.44,-0.1648731,4.5588193,8.406708,998.954,0,0
49.48,-0.14579691,4.596953,8.837534,998.96906,0,0
49.52,0.05969153,4.630319999999998,8.884874,998.97156,0,0
49.56,-0.19176368,4.5349426,8.520496000000001,998.99554,0,0
49.6,-0.29208633,4.4205440000000005,8.880316,998.95374,0,0
49.64,-0.16779370000000002,4.5921392,8.4068775,998.95844,0,0
49.68,-0.17253801,4.5873723,8.743024,998.9705,0,0
49.72,-0.62180406,3.6674256,9.457921,999.0428,0,0
49.76,-0.22504485,4.7113010000000015,8.719358,998.98773,0,0
49.8,0.74051106,5.6121793,8.411625,998.929,0,0
49.84,0.23866715,4.8161629999999995,7.417403,998.9307,0,0
49.88,-0.005067326,3.3623626000000004,9.741999,999.00006,0,0
49.92,-0.11018755,5.678909,7.3984723,999.06256,0,0
49.96,0.19575542,4.7398953,10.471103999999999,998.9382300000001,0,0
50.0,-0.84622407,4.077344399999999,9.950321,998.9357,0,0
50.04,-0.3012732,4.8828907,7.900328,998.99506,0,0
50.08,-0.4589712,4.463433,9.107605,998.98724,0,0
50.12,-0.31076178,4.7446589999999995,8.326432,998.9649699999999,0,0
50.16,-0.38720313,4.4014654,8.511077,998.9696,0,0
50.2,-0.114718795,4.4348307,8.728862,998.9823,0,0
50.24,-0.023884771000000003,4.5206285,8.638910000000001,998.97546,0,0
50.28,0.38243404,4.963917299999999,8.619976,998.9649699999999,0,0
50.32,0.38723162,4.854286,8.747807,998.9619,1,4
50.36,0.23433112,4.673156,8.634186999999999,998.9848,1,4
50.4,0.5832923000000001,4.88765,8.724142,998.98193,1,4
50.44,0.17704448,4.592123,8.359596,998.9942599999999,1,4
50.48,0.40173078,4.668387,8.563179,998.962,1,4
50.52,0.35876584,4.9591449999999995,8.369073,999.0094,1,4
50.56,0.47246778,4.9305706,8.392653,998.9695,1,4
50.6,0.12353571,4.744675599999999,8.037573,998.9544,1,4
50.64,-0.18715787,4.720843,7.966555599999999,998.9794,1,4
50.68,-0.05332657,4.801874,7.654083999999999,998.9619,1,4
50.72,0.12351668,4.9734707,8.350041000000001,998.97675,1,4
50.76,-0.053339295,4.9210386,8.193806,998.9819,1,4
50.8,-0.38315204,5.106934,8.070711,999.0016,1,4
50.84,-0.40705422,5.240398,8.965512,998.9743699999999,1,4
50.88,-0.74642664,5.1212344000000005,9.4531555,998.9822,1,4
50.92,-0.71297437,5.5120916,8.302695,998.9967,1,4
50.96,-0.8229194,5.073569,9.827172000000001,998.9717400000001,1,4
51.0,-0.76078516,4.8495406999999995,9.557311,998.9967,1,4
51.04,-0.058160312,5.1021686,8.927634,999.01135,1,4
51.08,0.1378053,4.558781,8.141722999999999,998.9819,1,4
51.12,0.29075274,4.2918544,8.037564999999999,998.9594,1,4
51.16,0.39111903,4.6350465,7.7203592999999975,999.00903,1,4
51.2,0.8021759,4.711311299999998,9.306383,999.0041,1,4
51.24,0.83085155,4.7875760000000005,10.201186,999.0188,1,4
51.28,1.0411565,5.5025606,9.420009,999.0059,1,4
51.32,1.1128472,5.764721,8.582019,998.9936,1,4
51.36,0.13776094,4.3156877,10.532592999999999,998.98816,1,4
51.4,1.3040236,4.439618599999998,9.306381,998.9641,1,4
51.44,1.4474143999999998,4.186991,9.443679,998.9938,1,4
51.48,0.44842595,3.7532349999999997,8.387906,998.97406,1,4
51.52,0.6539512,4.129793,8.236403,998.9421,1,4
51.56,0.386279,4.0868936,8.98444,998.9992699999999,1,4
51.6,0.14760539,3.8342587999999997,8.889781,998.9596,1,4
51.64,0.5013172,4.4586773,7.0907073,998.9696,1,4
51.68,0.28145579,4.6970053,7.450523,999.0066,1,4
51.72,0.3435964,4.739904,7.464726400000001,998.9867,1,4
51.76,0.42963922,5.006831,8.047058999999999,998.9867,1,4
51.8,0.37706766,5.288057299999998,8.392672,998.97687,1,4
51.84,1.0797052,5.7933125,8.776158,999.0214,1,4
51.88,0.7307859,5.574051,9.91715,998.9917,1,4
51.92,0.16199239,5.4453535,9.827197,998.97406,1,4
51.96,-0.26340064,4.9210324,9.107569,998.9749,1,4
52.0,-0.12478316,4.768502,9.396366,998.997,1,4
52.04,0.16679123,4.0535190000000005,10.400062,998.962,1,4
52.08,-0.8369613000000001,3.3194684999999997,9.197524000000001,998.9649,1,4
52.12,-0.22991985,3.8819227,7.9665794000000005,998.9794,1,4
52.16,-0.37808420000000004,3.4147995000000004,8.634131,998.9745,1,4
52.2,0.10468226,3.8056571000000003,8.179628,998.9822,1,4
52.24,0.13814716,3.6531269999999996,8.610459,998.99457,1,4
52.28,0.72606945,3.834256,8.288521000000001,998.9892,1,4
52.32,0.577905,4.053518,7.9097695,998.98773,1,4
52.36,0.83601755,4.425308,6.99603,998.95715,1,4
52.4,1.4334995000000001,5.1069260000000005,7.3227043000000025,998.9696,1,4
52.44,1.2901083,4.892431299999998,8.38321,998.997,1,4
52.48,0.023466785,4.258478599999999,9.931362,999.0297,1,4
52.52,1.4478579,4.3347435,12.289096,999.0045,1,4
52.56,1.1180576,3.63406,10.073395,998.9798,1,4
52.6,1.3188126,3.734157,9.959771,998.9772300000001,1,4
52.64,1.1658684,3.8771534,7.9192424,998.9402,1,4
52.68,1.1515322000000001,3.8008885,7.658850699999999,998.9448,1,4
52.72,1.1419788999999998,3.8056552000000003,8.198574,998.9778,1,4
52.76,0.6257664000000001,4.0868816,7.303771,998.955,1,4
52.8,0.38678575,4.415774,7.5262895000000025,998.9773,1,4
52.84,0.24339795,4.4682055,8.511046,998.9822,1,4
52.88,0.40591764,4.5349379999999995,8.222248,998.9576400000001,1,4
52.92,0.5493149,4.6016693,8.68622,998.9802,1,4
52.96,0.78352845,4.7351327,8.648346,998.9995,1,4
53.0,1.3857932,5.502548,10.021324,998.9844400000001,1,4
53.04,0.9364949,5.450116,11.105502,999.0001,1,4
53.08,0.24343285,4.520637000000002,10.120747,998.9798,1,4
53.12,0.0422231,3.9867945,10.7551155,998.9402,1,4
53.16,0.17605183,4.0392265,7.966550999999999,998.9382300000001,1,4
53.2,0.33377957,4.396718,7.592532,998.9903,1,4
53.24,0.5488621,3.7055675999999997,8.558351,998.9976,1,4
53.28,0.4580401,3.4005084,7.388951,998.96045,1,4
53.32,0.6635659,3.6150032999999997,8.600959,999.01495,1,4
53.36,0.6635659,3.6150032999999997,8.600959,999.00256,1,4
53.4,0.7161350999999999,3.4672403,8.681442,998.9530599999999,1,4
53.44,1.0220396999999999,3.5530383999999997,8.392643,998.97,1,4
53.48,1.4187576000000002,4.2298894,7.9476085,998.96246,1,4
53.52,1.3709537,4.692246,7.904999,998.99506,1,4
53.56,0.74957347,4.4968176,8.851878999999998,999.0317,1,4
53.6,1.1940867,4.453918,11.351644,999.0126,1,4
53.64,1.1176069,4.3347545,10.537327000000001,998.99554,1,4
53.68,1.2657721000000002,3.8771652999999997,10.054416,998.9680000000001,1,4
53.72,2.0353146,3.4338756,9.102799000000001,998.9897,1,4
53.76,1.3183383999999998,2.6998257999999997,10.740903999999999,998.9576400000001,1,4
53.8,1.2179596000000001,2.8142232999999997,9.969195,998.98285,1,4
53.84,1.5382007,3.4243426,8.582014,998.9735,1,4
53.88,1.1605877,3.905765,6.730861,998.9685699999999,1,4
53.92,0.47706693,3.9677305,7.379473700000001,998.9680000000001,1,4
53.96,0.5774399,4.1631599999999995,7.663538000000001,998.9674699999999,1,4
54.0,1.0219559999999999,4.792345,9.140672,999.0079,1,4
54.04,1.0219559999999999,4.792345,9.140672,998.99054,1,4
54.08,0.40535545,4.7256136,7.9996796,999.018,1,4
54.12,0.37264657,4.8352260000000005,10.220184,999.0177,1,4
54.16,0.40611729999999996,4.897191,9.723073,998.9902,1,4
54.2,0.30099773,4.9114895,9.320651,998.9798,1,4
54.24,0.2580036,4.1202407,10.404833,999.018,1,4
54.28,-0.43982366,3.5053544000000003,9.514766,998.9555,1,4
54.32,-0.46849045,3.7389154,8.511074,998.9501300000001,1,4
54.36,-0.17210646,3.4147887000000003,9.136019000000001,998.9848,1,4
54.4,0.25808793,3.2241258999999998,9.5289755,998.9976,1,4
54.44,0.41584554,3.3528222999999997,8.605768,998.9848,1,4
54.48,0.2963866,3.5053514999999997,7.758313,998.9779699999999,1,4
54.52,0.15778434,3.4290864,8.099192,998.9878,1,4
54.56,0.54019266,4.0582709999999995,8.298038499999999,998.9649699999999,1,4
54.6,0.71228975,4.592125,8.378525999999999,998.97,1,4
54.64,0.7457724,5.230843,7.6778364,998.9674,1,4
54.68,-0.26274204,5.0354137,8.013981,998.95746,1,4
54.72,-0.46824956,4.310896400000002,9.893541,998.9921,1,4
54.76,-0.5255831,3.8390062000000014,11.08188,999.0202,1,4
54.8,0.000207417,3.810407,10.561096000000001,999.01984,1,4
54.84,0.7841193000000001,3.5959114999999997,11.526917,998.9725,1,4
54.88,0.72200596,3.5816112,9.822535,998.96246,1,4
54.92,0.7841795,3.2860834999999997,9.221267999999998,998.9930400000001,1,4
54.96,0.74119747,3.271783,9.2118025,999.0099,1,4
55.0,0.9037228,3.2860824999999996,8.96088,998.9753,1,4
55.04,0.22024702,3.5863745000000002,7.403264,998.9408599999999,1,4
55.08,0.22024702,3.5863745000000002,7.403264,998.9680000000001,1,4
55.12,0.2437284,4.0868730000000015,6.371125,998.9976,1,4
55.16,-0.057392966,4.5778284000000005,7.4458356,998.9844400000001,1,4
55.2,-0.67398125,4.1822042,7.862464,998.98676,1,4
55.24,-0.062156837,4.8209224000000015,8.752533999999999,999.0001,1,4
55.28,0.74085647,5.2499123,9.978744500000001,999.0174599999999,1,4
55.32,0.5448878,4.8828874,10.911423,999.0325300000001,1,4
55.36,0.7217468,5.0640163000000005,10.277012,998.9794300000001,1,4
55.4,0.37761047,3.8676102,11.261769000000001,998.9794300000001,1,4
55.44,-0.44450948,2.6140057999999997,10.324358,998.9674,1,4
55.48,-0.56878114,2.6616714,8.937178,998.9278,1,4
55.52,-0.5735547,3.6197487999999995,7.611545,998.9624,1,4
55.56,-0.6548081,3.7246134,7.294341,998.9723,1,4
55.6,-0.07166573,3.5911496,7.867203999999999,998.9621599999999,1,4
55.64,-0.042980574,2.9190650000000002,9.652075,998.9645,1,4
55.68,-0.24372604,2.947664,8.842493,998.9624,1,4
55.72,-0.124221385,3.4672186000000003,8.899306,998.99176,1,4
55.76,0.23905005,3.2908556000000004,8.695727,998.9921,1,4
55.8,0.62144387,4.0106053,7.7583160000000015,998.9621599999999,1,4
55.84,1.0755284,4.472962,7.6920347000000024,998.96295,1,4
55.88,-0.88418174,3.7198453000000002,8.998732,998.9878,1,4
55.92,-0.7551238,4.0773373,9.349078,999.0173300000001,1,4
55.96,-0.019024503999999998,3.7436779000000002,10.669977000000001,998.99255,1,4
56.0,0.20084960000000002,3.4958167,11.744686999999999,999.0099,1,4
56.04,1.0134226,3.3385203000000003,11.441686,998.9456,1,4
56.08,1.453171,3.6054473,8.875639999999997,998.96295,1,4
56.12,1.3950504,4.4491467,7.8482037,998.9481,1,4
56.16,1.2420846,4.372882,7.1948550000000004,999.0009,1,4
56.2,0.37212422,3.1002123,9.732492,998.99603,1,4
56.24,-0.25405416,2.8332856,8.629374,998.951,1,4
56.28,-0.1489105,3.5911684,7.478913,998.94073,1,4
56.32,-0.28754896,4.3824177,6.924985,998.9856,1,4
56.36,-0.086833276,4.263254,9.292183,998.99335,1,4
56.4,-0.4835691,3.8056653,9.287449,998.9611,1,4
56.44,0.6444285,4.4110190000000005,8.615160000000001,998.9482,1,4
56.48,0.60617805,4.1726913,9.713541000000001,998.9989,1,4
56.52,-0.14905511,3.7627677999999998,10.172775,998.9918,1,4
56.56,-0.15863875,4.25849,9.846099,999.0013,1,4
56.6,-0.17778213,4.268024,10.040208,999.0063,1,4
56.64,-0.25906283,3.2718146,10.721960000000001,998.9593,1,4
56.68,-0.23519994,3.0287208999999997,8.047018,998.95435,1,4
56.72,-0.120508805,3.843803,9.069647,998.9671,1,4
56.76,-1.1338513000000001,3.0954537,8.50625,998.9791,1,4
56.8,-0.38344616,3.5482771,9.666178,998.9911,1,4
56.84,-0.28786215,3.5530440000000003,9.770333,998.99945,1,4
56.88,-0.50297743,3.0477898,9.661439999999999,998.98456,1,4
56.92,-0.49822167,2.9429262,9.306357,998.9399,1,4
56.96,-0.32617283,3.3671502999999996,8.387880000000001,998.9721,1,4
57.0,-0.5747468000000001,3.1574223,9.116977,998.9893,1,4
57.04,-0.302322,3.5911794,8.937066999999997,998.995,1,4
57.08,-0.09203476,3.8295083,9.865008,999.04926,1,4
57.12,-0.54053515,3.8676207000000002,8.293258999999999,999.05444,1,4
57.16,0.47757635,4.6970015,10.063929,998.9432,1,4
57.2,-0.11033509,3.9772513,10.494760000000001,998.9183300000001,1,4
57.24,-0.76993906,3.2575011000000003,9.448457000000001,998.9376,1,4
57.28,-0.7986091,3.6054592000000003,8.55839,998.951,1,4
57.32,-0.27760157,4.0630484,8.084949499999999,998.9734,1,4
57.36,0.042658567,4.125013399999999,9.083910000000001,998.95557,1,4
57.4,0.11913987,4.1297803,9.145457,998.9825400000001,1,4
57.44,0.4250562,4.072581,9.633102000000001,998.98004,1,4
57.48,0.30557442,4.001083,8.705160000000001,998.97845,1,4
57.52,0.42507842,3.886685,9.225945,998.9758,1,4
57.56,0.1669779,3.762754,9.083914,998.9461699999999,1,4
57.6,0.22911975,3.7913535000000014,8.837727000000003,998.9569,1,4
57.64,0.4442242,3.7532208,8.946619,998.9664300000001,1,4
57.68,0.22914198,3.6626557999999996,9.117058,998.9710699999999,1,4
57.72,0.13833454,3.7484536,9.140731,998.9536,0,0
57.76,0.3486548,3.9248161,9.424795,998.9633,0,0
57.8,0.4060169,3.9057492999999996,9.472139,998.95935,0,0
57.84,0.15269615,3.672188,9.268561,998.9636,0,0
57.88,0.18138383,3.6531214999999997,8.6578245,998.9767,0,0
57.92,0.16227794,3.6483550000000013,9.292235,998.9865,0,0
57.96,0.0380075,3.524424,8.932421000000001,998.9792,0,0
58.0,0.40128592,3.719853,9.055517,998.9611,0,0
58.04,0.33915287,3.753218700000001,8.922953999999997,998.9744,0,0
58.08,0.406079,3.7627512999999997,8.9087515,998.9497,0,0
58.12,0.58294064,3.7818174,9.188082000000001,998.96185,0,0
58.16,0.18622577,3.4195587999999995,9.434273,998.9643,0,0
58.2,0.27704650000000003,3.3385274,9.17388,998.96246,0,0
58.24,0.7598199999999999,3.553022,9.3774605,998.9674699999999,0,0
58.28,0.6259943,3.4767572999999996,9.098131,998.9725300000001,0,0
58.32,0.5256274000000001,3.6674187000000007,8.5158,998.9656,0,0
58.36,0.34877908,3.5244222,8.795132,998.9769,0,0
58.4,0.09545833,3.0429995,9.680465,998.9774,0,0
58.44,0.21975102,3.562554,9.154948,998.93536,0,0
58.48,0.69774026,3.805648,8.83301,998.94476,0,0
58.52,0.7933452,3.762749,9.311185,998.95526,0,0
58.56,0.6642994000000001,3.5482535000000004,8.790401,998.9725,0,0
58.6,0.7933585,3.6054519999999997,8.951371,998.9602,0,0
58.64,0.8172708000000001,3.3289913999999996,9.457953,998.966,0,0
58.68,0.8172708000000001,3.3289913999999996,9.457953,998.9609,0,0
58.72,0.8698620000000001,3.3671236000000007,9.055531,998.9685,0,0
58.76,0.9511231,3.438622,9.197563,998.9609,0,0
58.8,0.90333396,3.543486,9.528972999999999,998.9462,0,0
58.84,0.55920136,3.595918,8.965579,998.94116,0,0
58.88,0.31544024,3.4672207999999998,9.240176,998.94116,0,0
58.92,0.10991315,3.3242238,9.368006,998.97144,0,0
58.96,0.3536965,3.4100212999999995,9.235443,998.9486699999999,0,0
59.0,0.3298063,3.3861887000000004,9.538446,998.9536,0,0
59.04,0.3632694,3.4672197999999996,9.325397500000001,998.97144,0,0
59.08,0.52101177,3.643582,8.75727,998.96155,0,0
59.12,0.5387481,3.5864173999999998,9.263725,998.9388,0,0
59.16,0.37140802,3.5625858,8.8234215,998.932,0,0
59.2,0.36177800000000004,3.5435214,9.050666,998.9450699999999,0,0
59.24,0.36175457,3.5816545,9.187961999999999,998.9691,0,0
59.28,0.27567118,3.5149236000000004,9.173755,998.9571,0,0
59.32,0.24216564,3.5625901,9.301578999999998,998.9744,0,0
59.36,0.26601774,3.5625915999999997,9.159542,998.95746,0,0
59.4,0.21814929,3.333799,9.363116,998.95465,0,0
59.44,0.24680468,3.3385657999999996,9.334707,998.9299,0,0
59.48,0.39012837,3.5482957,8.207912,998.9468400000001,0,0
59.52,0.5048202,3.605495,8.506177000000001,998.96234,0,0
59.56,0.38527817,3.3576352999999997,9.064834,998.965,0,0
59.6,0.5525244,3.4291348,9.547737,998.9700300000001,0,0
59.64,0.7914441999999999,3.7484957999999997,9.500387,998.95746,0,0
59.68,0.7914441999999999,3.7484957999999997,9.500387,998.9602699999999,0,0
59.72,0.920452,3.8390614999999997,9.102694,998.95245,0,0
59.76,0.5236579,3.5006375,9.154766,998.95746,0,0
59.8,0.67178494,3.6436355000000002,9.07901,998.9549599999999,0,0
59.84,0.48532563,3.4863402999999997,9.197367,998.9753400000001,0,0
59.88,0.40882534,3.4196089999999995,9.239972999999999,998.96545,0,0
59.92,0.52825004,3.5673739999999996,9.192623,998.9608,0,0
59.96,0.53776276,3.5197097999999998,9.187884,998.9633,0,0
60.0,0.6189724,3.5959759,9.088458000000001,998.9583,0,0
60.04,0.6332884,3.6245759,9.102658,998.9580699999999,0,0
60.08,0.6523607,3.6150436000000004,9.116858,998.9633,0,0
60.12,0.7201394,3.6912877999999996,8.889685,998.9761,0,0
60.16,0.57673,3.59119,9.131138,998.96545,0,0
60.2,0.51936734,3.5339918,9.097997,998.96375,0,0
60.24,0.49067834,3.510159,9.083791999999999,998.9530599999999,0,0
60.28,0.48110855,3.6054904000000003,9.329981,998.9509,0,0
60.32,0.50499743,3.7103547999999997,9.306307,998.9634,0,0
60.36,0.41417617,3.6007241999999997,9.367855,998.9606,0,0
60.4,0.60535306,3.8485856,9.15007,998.9509,0,0
60.44,0.5432104999999999,3.9772830000000003,8.875475,998.94116,0,0
60.48,0.40458608,3.7627878,8.7760515,998.9454300000001,0,0
60.52,0.22772318,3.6007254,9.045912,998.95874,0,0
60.56,0.20859379,3.6102587999999995,8.951222,998.9666,0,0
60.6,0.27071607,3.772322,9.026972,998.9509,0,0
60.64,0.2754857,3.7389565,9.221082000000001,998.9987,0,0
60.68,0.21812302,3.7055907,9.254222,998.9859,0,0
60.72,0.33760795,3.7389567,8.941751,998.9509,0,0
60.76,0.308919,3.7103574,9.183204,998.9739400000001,0,0
60.8,0.41883925,3.8533545,9.05064,998.9591,0,0
60.84,0.41883925,3.8533545,9.05064,998.9767,0,0
60.88,0.323233,3.7913900000000003,8.771308,998.9839,0,0
60.92,0.27542487,3.7961565999999998,8.91334,998.95874,0,0
60.96,0.2897491,3.7055924,9.25895,998.9641,0,0
61.0,0.4044542,3.8485894,8.932275,998.9742,0,0
61.04,0.36620563,3.8914883000000002,9.102713,998.9912,0,0
61.08,0.31839743,3.84859,9.045898,998.98193,0,0
61.12,0.23293289999999997,3.758011,9.050686,998.9942599999999,0,0
61.16,0.22815943,3.7770773999999996,8.922856,998.97644,0,0
61.2,0.1851602,3.6626794,9.178516,998.9696,0,0
61.24,0.15648775,3.634080200000001,9.003345,998.9646,0,0
61.28,0.26165608,3.6960447,8.965469,998.95935,0,0
61.32,0.34292543,3.5911800000000005,9.116972,998.9643599999999,0,0
61.36,0.43853423,3.505382,9.301616000000001,998.96185,0,0
61.4,0.5532621999999999,3.6007127999999997,9.083834,998.94916,0,0
61.44,0.62974536,3.7008104,8.861317,998.9943,0,0
61.48,0.6010793000000001,3.7055763999999995,8.889725,998.97644,0,0
61.52,0.4433584,3.6245449,9.036493,998.95935,0,0
61.56,0.35734099999999996,3.6293108,9.415247,998.9566,0,0
61.6,0.38603243,3.6340773,9.04123,998.9522,0,0
61.64,0.36213973,3.6197769999999996,9.131185,998.96185,0,0
61.68,0.3095746,3.5911775,9.017560000000001,998.9371,0,0
61.72,0.22355083,3.5006125,8.98442,998.96466,0,0
61.76,0.2474625,3.5053792,9.225876,998.9889999999999,0,0
61.8,0.22835602,3.5435114000000003,9.206939,998.9562400000001,0,0
61.84,0.28094652,3.4958449999999996,9.457864,998.95166,0,0
61.88,0.39568084,3.5530431000000005,9.453132,998.95435,0,0
61.92,0.39568084,3.5530431000000005,9.453132,998.95715,0,0
61.96,0.44349784,3.5149102,9.022302,998.947,0,0
62.0,0.448284,3.4577117,9.107522,998.9566,0,0
62.04,0.36226657,3.4052792000000003,9.112258,998.9562400000001,0,0
62.08,0.41963688,3.5673413,9.017571,998.9643599999999,0,0
62.12,0.45788798,3.5959410000000003,8.95129,998.9566,0,0
62.16,0.29539376,3.505376,9.348983,998.9767,0,0
62.2,0.20458376,3.4481769,9.292171000000002,998.9596,0,0
62.24,0.19503684,3.381445,9.467344,998.9717,0,0
62.28,0.20460279999999997,3.3099464999999997,9.467345,998.9696,0,0
62.32,0.5344283000000001,3.4910753,8.738248,998.9622,0,0
62.36,0.5678932,3.562573200000001,8.813999,998.95465,0,0
62.4,0.40061912,3.3909767,8.795064,998.99725,0,0
62.44,0.33849433,3.2479796000000003,9.192755,998.9791,0,0
62.48,0.27636954,3.047784,9.817697,998.9816,0,0
62.52,0.26682267,3.0382504,9.661464,998.9269400000001,0,0
62.56,0.38065606,3.4386632000000006,8.345218,998.95715,0,0
62.6,0.37109047,3.4577293,9.126392999999998,998.9794300000001,0,0
62.64,0.046051662,3.238468,9.519347999999999,998.96405,0,0
62.68,0.35672688,3.4052974999999996,9.462535,998.9667,0,0
62.72,0.5670261,3.3909983999999995,9.457799000000001,998.9742,0,0
62.76,0.37104207,3.3004339999999996,9.486203999999999,998.95166,0,0
62.8,0.45228666,3.4577307999999998,8.723964,998.9667,0,0
62.84,0.53352517,3.591194600000001,9.187934,998.95166,0,0
62.88,0.46660188,3.5387627999999998,9.041166,998.9769,0,0
62.92,0.49048275,3.4910980000000005,9.372573,998.9418,0,0
62.96,0.47135147,3.3528678,9.244744,998.9767,0,0
63.0,0.39486253,3.2861366000000003,9.287353,998.9692,0,0
63.04,0.39963627,3.3719343999999998,9.107444000000001,998.9795,0,0
63.08,0.44264242,3.4243667,9.0316925,998.9692,0,0
63.12,0.25621197,3.2909036,9.258944,998.9791,0,0
63.16,0.17494920000000005,3.2432387,9.126378,998.96655,0,0
63.2,0.2896464,3.3242705000000004,9.292081,998.95166,0,0
63.24,0.43780822,3.4577343000000003,9.168985000000001,998.9845,0,0
63.28,0.46647492,3.443435,9.434111999999999,998.9643599999999,0,0
63.32,0.40911126,3.3528702000000004,9.415173,998.982,0,0
63.36,0.49991536,3.3052049,9.311014,998.9865,0,0
63.4,0.53336203,3.3433377999999996,8.979605000000003,998.9742,0,0
63.44,0.44253358,3.2194078,9.524061,998.9591,0,0
63.48,0.11270899,3.13361,9.022212,998.9616,0,0
63.52,0.08880398,3.1002445,9.363089,998.9566,0,0
63.56,0.06011909,3.0954778,9.400964,998.9789,0,0
63.6,0.23283727,3.2336924,9.372616,998.9794300000001,0,0
63.64,0.53876567,3.3528553999999997,9.500447,998.95874,0,0
63.68,0.53876567,3.3528553999999997,9.500447,998.956,0,0
63.72,0.72519195,3.5625837,9.699292999999999,998.9862699999999,0,0
63.76,0.16597582,3.3051891,8.889711,998.9789400000001,0,0
63.8,0.3189435,3.3385549,9.287403,998.9591,0,0
63.84,0.14688449,3.24799,9.258999000000001,998.9641,0,0
63.88,0.065641806,3.2718222000000003,9.4105,998.9633,0,0
63.92,0.05610312,3.2336892999999995,9.287408000000001,998.9761,0,0
63.96,0.09912832,3.2861214,9.396299,998.9789400000001,0,0
64.0,0.09435547,3.2527552,9.249533999999999,998.9783,0,0
64.04,0.09914926,3.3242532999999996,9.467319,998.9583,0,0
64.08,0.08961057,3.30042,9.093302,998.96796,0,0
64.12,0.18044081,3.4005175000000003,9.43418,998.9633,0,0
64.16,0.08007885,3.3242519999999995,9.074367,998.9708,0,0
64.2,0.12788385,3.3576175999999998,9.045960000000001,998.97815,0,0
64.24,0.07054019,3.252753,9.353698,998.95557,0,0
64.28,0.07055416,3.2479862999999995,9.282683,998.9606,0,0
64.32,0.22830161,3.343317,9.505201,998.9859,0,0
64.36,0.314352,3.395748600000001,9.17853,998.9659,0,0
64.4,0.18053846,3.1240544,9.277954,998.96545,0,0
64.44,0.29526073,3.3147165999999997,8.956014999999997,998.96796,0,0
64.48,0.53427184,3.4243467000000005,9.225878,998.97327,0,0
64.52,0.39567143,3.3576148,9.164332,998.9880400000001,0,0
64.56,0.37177944,3.3576144999999995,9.121722,998.97015,0,0
64.6,0.42829254,3.4100672999999997,9.168989,998.9652,0,0
64.64,0.528638,3.424368,9.18319,998.97015,0,0
64.68,0.37088424,3.4863336000000005,9.102703,998.97015,0,0
64.72,0.22267988,3.491101,9.254201,998.98773,0,0
64.76,0.16053227,3.4291362999999997,9.230528999999999,998.965,0,0
64.8,0.16050188,3.4148373999999997,9.542996,998.9828,0,0
64.84,0.14137247,3.3385724999999997,9.467245,998.98456,0,0
64.88,0.21305937,3.3195062000000006,9.202117,998.9700300000001,0,0
64.92,0.4376899,3.4482038,9.154772,998.9722,0,0
64.96,0.46155846,3.410072,8.922783,998.9822,0,0
65.0,0.6909789000000001,3.5244699,9.116893,998.9695,0,0
65.04,0.65272015,3.4291394,9.36308,998.9621,0,0
65.08,0.5379845999999999,3.3862412,9.311,998.94916,0,0
65.12,0.6239906,3.357642,9.315731,998.9888,0,0
65.16,0.65265936,3.4005415,9.325199000000001,998.9744,0,0
65.2,0.5905016,3.3767092000000005,9.036399000000001,998.9596,0,0
65.24,0.54746306,3.3147444999999998,9.216304,998.9639,0,0
65.28,0.57134175,3.3576437999999995,9.197365,998.9437,0,0
65.32,0.2606342,3.4434422999999996,9.088471,998.9486699999999,0,0
65.36,0.24626438,3.4148437999999994,9.675535,998.96155,0,0
65.4,0.08851057,3.3099802000000005,9.230499,998.9412,0,0
65.44,0.0072437180000000006,3.3195129999999997,9.131075,998.9862,0,0
65.48,-0.040574584,3.1812837000000003,9.443544000000001,998.9734,0,0
65.52,-0.04060497,3.2480164,9.069523,998.9734,0,0
65.56,-0.04060497,3.2480164,9.069523,998.9535,0,0
65.6,0.18983029999999998,3.1955597,9.273195,998.94604,0,0
65.64,0.27588704,3.3480892,9.277931,999.003,0,0
65.68,0.35237408,3.4958517999999996,9.419965,998.9559300000001,0,0
65.72,0.2711478,3.4958513,9.244794,998.961,0,0
65.76,0.40499250000000003,3.4386523,9.680359,998.9730000000001,0,0
65.8,0.08477605,3.0001283,9.557267999999999,998.9454,0,0
65.84,0.046557895999999994,3.1192915,9.154846000000001,998.9631,0,0
65.88,0.003549816,3.2765877,8.842376,998.95844,0,0
65.92,0.28558870000000003,3.533981,9.292147,998.9526400000001,0,0
65.96,-0.06331666,3.4434158999999998,9.315821000000001,998.9730000000001,0,0
66.0,0.065758295,3.4195826,9.282681,998.9458,0,0
66.04,-0.12542367,3.2241538,9.647232,998.9557,0,0
66.08,-0.26880768,3.1240554,9.443653,998.9674699999999,0,0
66.12,-0.058476075999999995,3.3004177,8.799776,998.95465,0,0
66.16,0.16620520000000005,3.3671489,9.230611,998.97015,0,0
66.2,0.18533456,3.4720128,8.861327000000003,998.9799,0,0
66.24,0.22837308,3.4100468,9.315832,998.9346,0,0
66.28,0.12801747,3.2861161,9.467336,998.9949,0,0
66.32,0.23798339999999998,3.1526520000000002,9.273228,998.9671,0,0
66.36,0.27147248,3.1717174,8.922884,998.95215,0,0
66.4,0.30972108,3.1955497000000004,9.0459795,998.97,0,0
66.44,0.41489705,3.2575145,9.348984,998.9867,0,0
66.48,0.5009435999999999,3.1717165,9.382125,998.98676,0,0
66.52,0.57744074,3.2146146,9.651988000000001,998.957,0,0
66.56,0.41972756,2.8523557,9.268502999999999,998.93933,0,0
66.6,0.58254826,2.900014,9.230657,998.9742,0,0
66.64,0.7642284,3.1145080000000003,9.216455999999999,998.96924,0,0
66.68,0.7833635,3.176473,8.8187685,998.9839999999999,0,0
66.72,0.49184300000000003,3.0716069999999998,9.40584,998.9889999999999,0,0
66.76,0.46797565,3.3004013999999997,9.2212,998.9834,0,0
66.8,0.1764393,3.1860032000000005,9.491064,998.9816,0,0
66.84,0.009162028000000001,3.100205,9.41058,998.9809,0,0
66.88,-0.038588423,3.0001059,9.3301,998.96295,0,0
66.92,-0.03855673,2.9762722999999998,9.510011,998.9580000000001,0,0
66.96,0.16700655,3.0668359,9.292231,998.98834,0,0
67.0,0.22915988,3.1383343,9.358514999999999,998.95557,0,0
67.04,0.27222562,3.2384305,9.23069,998.9906,0,0
67.08,0.29136074,3.295629,9.225957000000001,998.9653300000001,0,0
67.12,0.2770371,3.2670288,9.117066000000001,998.9658,0,0
67.16,0.19103241,3.185997,9.339586,998.9454300000001,0,0
67.2,0.028566578,3.0620654,9.30645,998.9752,0,0
67.24,0.19109579999999998,3.133563,9.093403,998.9895,0,0
67.28,0.40143886,3.3575907,9.131282,998.9898699999999,0,0
67.32,0.26287209999999994,3.2193593999999996,9.041331,998.9522,0,0
67.36,0.11952557,3.2050587999999998,9.656808999999999,998.9703,0,0
67.4,0.11952557,3.2050587999999998,9.656808999999999,998.9825400000001,0,0
67.44,0.28686628,3.314688,9.08395,998.9424,0,0
67.48,0.19130191,3.138325,9.216516,998.9597,0,0
67.52,0.06227889,3.1955225,9.278067,998.95734,0,0
67.56,0.28218156,3.3766510000000003,9.098162,998.96466,0,0
